#
# There is insufficient memory for the Java Runtime Environment to continue.
# Native memory allocation (malloc) failed to allocate 1889904 bytes. Error detail: Chunk::new
# Possible reasons:
#   The system is out of physical RAM or swap space
#   This process is running with CompressedOops enabled, and the Java Heap may be blocking the growth of the native heap
# Possible solutions:
#   Reduce memory load on the system
#   Increase physical memory or swap space
#   Check if swap backing store is full
#   Decrease Java heap size (-Xmx/-Xms)
#   Decrease number of Java threads
#   Decrease Java thread stack sizes (-Xss)
#   Set larger code cache with -XX:ReservedCodeCacheSize=
#   JVM is running with Unscaled Compressed Oops mode in which the Java heap is
#     placed in the first 4GB address space. The Java Heap base address is the
#     maximum limit for the native heap growth. Please use -XX:HeapBaseMinAddress
#     to set the Java Heap base and to place the Java Heap above 4GB virtual address.
# This output file may be truncated or incomplete.
#
#  Out of Memory Error (arena.cpp:191), pid=8628, tid=18256
#
# JRE version: OpenJDK Runtime Environment Microsoft-13106358 (17.0.18+8) (build 17.0.18+8-LTS)
# Java VM: OpenJDK 64-Bit Server VM Microsoft-13106358 (17.0.18+8-LTS, mixed mode, sharing, tiered, compressed oops, compressed class ptrs, g1 gc, windows-amd64)
# No core dump will be written. Minidumps are not enabled by default on client versions of Windows
#

---------------  S U M M A R Y ------------

Command Line: --add-opens=java.base/java.lang=ALL-UNNAMED --add-opens=java.base/java.lang.invoke=ALL-UNNAMED --add-opens=java.base/java.util=ALL-UNNAMED --add-opens=java.prefs/java.util.prefs=ALL-UNNAMED --add-exports=jdk.compiler/com.sun.tools.javac.api=ALL-UNNAMED --add-exports=jdk.compiler/com.sun.tools.javac.util=ALL-UNNAMED --add-opens=java.base/java.util=ALL-UNNAMED --add-opens=java.prefs/java.util.prefs=ALL-UNNAMED --add-opens=java.base/java.nio.charset=ALL-UNNAMED --add-opens=java.base/java.net=ALL-UNNAMED --add-opens=java.base/java.util.concurrent=ALL-UNNAMED --add-opens=java.base/java.util.concurrent.atomic=ALL-UNNAMED --add-opens=java.xml/javax.xml.namespace=ALL-UNNAMED --add-opens=java.base/java.time=ALL-UNNAMED -Xmx2048m -Dfile.encoding=UTF-8 -Duser.country=TR -Duser.language=tr -Duser.variant -javaagent:D:\gradle_cache\wrapper\dists\gradle-9.1.0-bin\9agqghryom9wkf8r80qlhnts3\gradle-9.1.0\lib\agents\gradle-instrumentation-agent-9.1.0.jar org.gradle.launcher.daemon.bootstrap.GradleDaemon 9.1.0

Host: Intel(R) Core(TM) i5-10200H CPU @ 2.40GHz, 8 cores, 15G,  Windows 11 , 64 bit Build 26100 (10.0.26100.8328)
Time: Sun Jun  7 19:34:10 2026 Türkiye Standart Saati elapsed time: 173.605673 seconds (0d 0h 2m 53s)

---------------  T H R E A D  ---------------

Current thread (0x000002010a09cb00):  JavaThread "C2 CompilerThread2" daemon [_thread_in_native, id=18256, stack(0x0000007727300000,0x0000007727400000)]


Current CompileTask:
C2:173605 45433       4       org.objectweb.asm.ClassReader::accept (1420 bytes)

Stack: [0x0000007727300000,0x0000007727400000]
Native frames: (J=compiled Java code, j=interpreted, Vv=VM code, C=native code)
V  [jvm.dll+0x68c879]  (no source info available)
V  [jvm.dll+0x845979]  (no source info available)
V  [jvm.dll+0x8476e8]  (no source info available)
V  [jvm.dll+0x847d73]  (no source info available)
V  [jvm.dll+0x24cf6f]  (no source info available)
V  [jvm.dll+0xaecb6]  (no source info available)
V  [jvm.dll+0xaf35c]  (no source info available)
V  [jvm.dll+0x37174e]  (no source info available)
V  [jvm.dll+0x33b985]  (no source info available)
V  [jvm.dll+0x33adea]  (no source info available)
V  [jvm.dll+0x21df29]  (no source info available)
V  [jvm.dll+0x21d36d]  (no source info available)
V  [jvm.dll+0x1a8ce6]  (no source info available)
V  [jvm.dll+0x22db1b]  (no source info available)
V  [jvm.dll+0x22bca6]  (no source info available)
V  [jvm.dll+0x7fbabb]  (no source info available)
V  [jvm.dll+0x7f5ebc]  (no source info available)
V  [jvm.dll+0x68de17]  (no source info available)
C  [ucrtbase.dll+0x37b0]  (no source info available)
C  [KERNEL32.DLL+0x2e957]  (no source info available)
C  [ntdll.dll+0x427c]  (no source info available)


---------------  P R O C E S S  ---------------

Threads class SMR info:
_java_thread_list=0x00000201073c39e0, length=176, elements={
0x00000200fd9f3dc0, 0x00000200ff44ba90, 0x00000200ff44eaf0, 0x000002009cad1400,
0x000002009cad18e0, 0x000002009cad2930, 0x000002009cad7990, 0x000002009cae95d0,
0x000002009caf15f0, 0x000002009caf3b20, 0x000002009cbe6fb0, 0x000002009ccc46d0,
0x00000200e3d98050, 0x00000200e3efa1b0, 0x00000200e32fa630, 0x00000200e3e3e4c0,
0x00000200e3e7ef60, 0x00000200e3c61df0, 0x00000200e3c60ec0, 0x00000200e3c62810,
0x00000200e3c62300, 0x00000200e3c5f570, 0x00000200e3c5fa80, 0x00000200e3c5ff90,
0x00000200e3c613d0, 0x00000200e3c604a0, 0x00000200e3c5f060, 0x00000200e3c609b0,
0x00000200e3c618e0, 0x00000200e6793f10, 0x00000200e6794420, 0x00000200e6794e40,
0x00000200e6796280, 0x00000200e6794930, 0x00000200e6796790, 0x00000200e67971b0,
0x00000200e67976c0, 0x00000200e6795860, 0x00000200e6795350, 0x00000200e6795d70,
0x00000200e70d2ca0, 0x00000200e70d0930, 0x00000200e70d1d70, 0x00000200e70d31b0,
0x00000200e70d1860, 0x00000200e70d2280, 0x00000200e70d36c0, 0x00000200e70cff10,
0x00000200e70d0e40, 0x00000200e70d3bd0, 0x00000200e70d2790, 0x00000200e70d1350,
0x00000200e70d0420, 0x00000200e70d6450, 0x00000200e70d6e70, 0x00000200e70d45f0,
0x00000200e70d7380, 0x00000200e70d7890, 0x00000200e70d4b00, 0x00000200e70d5010,
0x00000200e70d5f40, 0x00000200e900a300, 0x00000200e900ad20, 0x00000200e900a810,
0x00000200e900b230, 0x00000200e9007f90, 0x00000200e4ff5660, 0x00000200e4ff74c0,
0x00000200e4ff4730, 0x00000200e4ff6080, 0x00000200e4ff83f0, 0x00000200e4ff8900,
0x00000200e4ff6590, 0x00000200e4ff8e10, 0x00000200e4ff9320, 0x00000200e4ff6aa0,
0x00000200e4ff9830, 0x00000200e4ffa250, 0x00000200e4ffa760, 0x00000200e4ffac70,
0x00000200e4ffb180, 0x00000200e90098e0, 0x00000200e976d570, 0x00000200e976f8e0,
0x00000200e976fdf0, 0x00000200e9770300, 0x00000200e976df90, 0x00000200e976e9b0,
0x00000200e9770810, 0x00000200e976d060, 0x00000200e9770d20, 0x00000200e9771230,
0x00000200e9771740, 0x00000200e9771c50, 0x00000200e976e4a0, 0x00000200e9772670,
0x00000200e9772160, 0x00000200e9772b80, 0x00000200e97749e0, 0x00000200e97735a0,
0x00000200e9773ab0, 0x00000200e9773fc0, 0x00000200e6f543a0, 0x00000200e6f557e0,
0x00000200e6f57130, 0x00000200e6f55cf0, 0x00000200e6f56200, 0x00000200e6f57b50,
0x00000200e6f56710, 0x00000200e6f548b0, 0x00000200e6f56c20, 0x00000200e6f57640,
0x00000200e6f58060, 0x00000200e6f58570, 0x00000200e6f552d0, 0x00000200e6f54dc0,
0x00000200e6f5b810, 0x00000200e6f58f90, 0x00000200e6f599b0, 0x00000200e6f5bd20,
0x00000200e6f594a0, 0x00000200e6f5a8e0, 0x00000200e6f58a80, 0x00000200e6f59ec0,
0x00000200e6f5b300, 0x00000200e6f5adf0, 0x00000200e6f5a3d0, 0x00000200e97744d0,
0x00000200ea9aced0, 0x00000200ea9b0680, 0x00000200ea9b0170, 0x00000200ea9aed30,
0x00000200ea9af240, 0x00000200ea9ad8f0, 0x00000200e4ffb690, 0x00000200ea5b54f0,
0x00000200ea5b45c0, 0x00000200ea5b3690, 0x00000200ea5b5f10, 0x00000200ea5b6420,
0x00000200ea5b7350, 0x00000200ea5b3ba0, 0x00000200ea5b7860, 0x00000200ea5b40b0,
0x00000200ea5bb010, 0x00000200ea5b96c0, 0x00000200ea5b7d70, 0x00000200ea5b8280,
0x00000200ea5b9bd0, 0x00000200ea5b8ca0, 0x00000200ea5ba5f0, 0x00000200ea5b6e40,
0x00000200e4ff6fb0, 0x00000200e4ff5150, 0x00000200ea5b91b0, 0x00000200e2bf4620,
0x00000200e2bf36f0, 0x00000200e2bf5550, 0x00000200e2bf31e0, 0x00000200e2bf5f70,
0x00000200e2bf5a60, 0x00000200e2bf6990, 0x00000200e2bf5040, 0x00000200e2bf3c00,
0x00000200e2bf8d00, 0x00000200e2bfa650, 0x00000200eb6a2010, 0x00000200eb69e860,
0x00000200eb6a2520, 0x00000200eb69ed70, 0x00000200eb6a2a30, 0x00000200e585d730,
0x00000200e58655c0, 0x00000200e5865ad0, 0x000002010a09e590, 0x000002010a09cb00
}

Java Threads: ( => current thread )
  0x00000200fd9f3dc0 JavaThread "main" [_thread_blocked, id=20780, stack(0x000000771b700000,0x000000771b800000)]
  0x00000200ff44ba90 JavaThread "Reference Handler" daemon [_thread_blocked, id=8104, stack(0x000000771be00000,0x000000771bf00000)]
  0x00000200ff44eaf0 JavaThread "Finalizer" daemon [_thread_blocked, id=21520, stack(0x000000771bf00000,0x000000771c000000)]
  0x000002009cad1400 JavaThread "Signal Dispatcher" daemon [_thread_blocked, id=7456, stack(0x000000771c000000,0x000000771c100000)]
  0x000002009cad18e0 JavaThread "Attach Listener" daemon [_thread_blocked, id=12648, stack(0x000000771c100000,0x000000771c200000)]
  0x000002009cad2930 JavaThread "Service Thread" daemon [_thread_blocked, id=4212, stack(0x000000771c200000,0x000000771c300000)]
  0x000002009cad7990 JavaThread "Monitor Deflation Thread" daemon [_thread_blocked, id=15744, stack(0x000000771c300000,0x000000771c400000)]
  0x000002009cae95d0 JavaThread "C2 CompilerThread0" daemon [_thread_in_native, id=17580, stack(0x000000771c400000,0x000000771c500000)]
  0x000002009caf15f0 JavaThread "C1 CompilerThread0" daemon [_thread_in_vm, id=22708, stack(0x000000771c500000,0x000000771c600000)]
  0x000002009caf3b20 JavaThread "Sweeper thread" daemon [_thread_blocked, id=21604, stack(0x000000771c600000,0x000000771c700000)]
  0x000002009cbe6fb0 JavaThread "Common-Cleaner" daemon [_thread_blocked, id=18328, stack(0x000000771c700000,0x000000771c800000)]
  0x000002009ccc46d0 JavaThread "Notification Thread" daemon [_thread_blocked, id=13520, stack(0x000000771c800000,0x000000771c900000)]
  0x00000200e3d98050 JavaThread "Daemon health stats" [_thread_blocked, id=23588, stack(0x000000771d200000,0x000000771d300000)]
  0x00000200e3efa1b0 JavaThread "Incoming local TCP Connector on port 63966" [_thread_in_native, id=18512, stack(0x000000771d300000,0x000000771d400000)]
  0x00000200e32fa630 JavaThread "Daemon periodic checks" [_thread_blocked, id=21544, stack(0x000000771d400000,0x000000771d500000)]
  0x00000200e3e3e4c0 JavaThread "Daemon" [_thread_blocked, id=22684, stack(0x000000771d500000,0x000000771d600000)]
  0x00000200e3e7ef60 JavaThread "Handler for socket connection from /127.0.0.1:63966 to /127.0.0.1:63968" [_thread_in_native, id=23460, stack(0x000000771d600000,0x000000771d700000)]
  0x00000200e3c61df0 JavaThread "Cancel handler" [_thread_blocked, id=24432, stack(0x000000771d700000,0x000000771d800000)]
  0x00000200e3c60ec0 JavaThread "Daemon worker" [_thread_blocked, id=21640, stack(0x000000771d800000,0x000000771d900000)]
  0x00000200e3c62810 JavaThread "Asynchronous log dispatcher for DefaultDaemonConnection: socket connection from /127.0.0.1:63966 to /127.0.0.1:63968" [_thread_blocked, id=7744, stack(0x000000771d900000,0x000000771da00000)]
  0x00000200e3c62300 JavaThread "Stdin handler" [_thread_blocked, id=21404, stack(0x000000771da00000,0x000000771db00000)]
  0x00000200e3c5f570 JavaThread "Daemon client event forwarder" [_thread_blocked, id=21884, stack(0x000000771db00000,0x000000771dc00000)]
  0x00000200e3c5fa80 JavaThread "Cache worker for journal cache (D:\gradle_cache\caches\journal-1)" [_thread_blocked, id=23500, stack(0x000000771cb00000,0x000000771cc00000)]
  0x00000200e3c5ff90 JavaThread "File lock request listener" [_thread_in_native, id=1644, stack(0x000000771dc00000,0x000000771dd00000)]
  0x00000200e3c613d0 JavaThread "Cache worker for file hash cache (D:\gradle_cache\caches\9.1.0\fileHashes)" [_thread_blocked, id=22196, stack(0x000000771dd00000,0x000000771de00000)]
  0x00000200e3c604a0 JavaThread "Cache worker for file hash cache (D:\android-projeler\are-we-okay-app\android\.gradle\9.1.0\fileHashes)" [_thread_blocked, id=23980, stack(0x000000771e100000,0x000000771e200000)]
  0x00000200e3c5f060 JavaThread "Cache worker for checksums cache (D:\android-projeler\are-we-okay-app\android\.gradle\9.1.0\checksums)" [_thread_blocked, id=528, stack(0x000000771e300000,0x000000771e400000)]
  0x00000200e3c609b0 JavaThread "Cache worker for Build Output Cleanup Cache (D:\android-projeler\are-we-okay-app\android\.gradle\buildOutputCleanup)" [_thread_blocked, id=12300, stack(0x000000771e400000,0x000000771e500000)]
  0x00000200e3c618e0 JavaThread "Cache worker for file content cache (D:\gradle_cache\caches\9.1.0\fileContent)" [_thread_blocked, id=1804, stack(0x000000771e500000,0x000000771e600000)]
  0x00000200e6793f10 JavaThread "File watcher server" daemon [_thread_in_native, id=22456, stack(0x000000771e600000,0x000000771e700000)]
  0x00000200e6794420 JavaThread "File watcher consumer" daemon [_thread_blocked, id=18760, stack(0x000000771e700000,0x000000771e800000)]
  0x00000200e6794e40 JavaThread "Cache worker for cache directory md-supplier (D:\gradle_cache\caches\9.1.0\md-supplier)" [_thread_blocked, id=2084, stack(0x000000771e200000,0x000000771e300000)]
  0x00000200e6796280 JavaThread "Cache worker for cache directory md-rule (D:\gradle_cache\caches\9.1.0\md-rule)" [_thread_blocked, id=5556, stack(0x000000771e800000,0x000000771e900000)]
  0x00000200e6794930 JavaThread "Unconstrained build operations" [_thread_blocked, id=5272, stack(0x000000771ea00000,0x000000771eb00000)]
  0x00000200e6796790 JavaThread "Unconstrained build operations Thread 2" [_thread_blocked, id=11188, stack(0x000000771eb00000,0x000000771ec00000)]
  0x00000200e67971b0 JavaThread "Unconstrained build operations Thread 3" [_thread_blocked, id=23076, stack(0x000000771ec00000,0x000000771ed00000)]
  0x00000200e67976c0 JavaThread "Configuration cache report writer" [_thread_blocked, id=23836, stack(0x000000771ed00000,0x000000771ee00000)]
  0x00000200e6795860 JavaThread "Unconstrained build operations Thread 4" [_thread_blocked, id=14132, stack(0x000000771ee00000,0x000000771ef00000)]
  0x00000200e6795350 JavaThread "Unconstrained build operations Thread 5" [_thread_blocked, id=24244, stack(0x000000771ef00000,0x000000771f000000)]
  0x00000200e6795d70 JavaThread "Unconstrained build operations Thread 6" [_thread_blocked, id=24104, stack(0x000000771f000000,0x000000771f100000)]
  0x00000200e70d2ca0 JavaThread "Unconstrained build operations Thread 7" [_thread_blocked, id=24184, stack(0x000000771f100000,0x000000771f200000)]
  0x00000200e70d0930 JavaThread "Unconstrained build operations Thread 8" [_thread_blocked, id=12068, stack(0x000000771f200000,0x000000771f300000)]
  0x00000200e70d1d70 JavaThread "Unconstrained build operations Thread 9" [_thread_blocked, id=22536, stack(0x000000771f300000,0x000000771f400000)]
  0x00000200e70d31b0 JavaThread "Unconstrained build operations Thread 10" [_thread_blocked, id=5320, stack(0x000000771f400000,0x000000771f500000)]
  0x00000200e70d1860 JavaThread "Unconstrained build operations Thread 11" [_thread_blocked, id=8344, stack(0x000000771f500000,0x000000771f600000)]
  0x00000200e70d2280 JavaThread "Unconstrained build operations Thread 12" [_thread_blocked, id=22616, stack(0x000000771f600000,0x000000771f700000)]
  0x00000200e70d36c0 JavaThread "Unconstrained build operations Thread 13" [_thread_blocked, id=23084, stack(0x000000771f700000,0x000000771f800000)]
  0x00000200e70cff10 JavaThread "Unconstrained build operations Thread 14" [_thread_blocked, id=2828, stack(0x000000771f800000,0x000000771f900000)]
  0x00000200e70d0e40 JavaThread "Unconstrained build operations Thread 15" [_thread_blocked, id=2064, stack(0x000000771f900000,0x000000771fa00000)]
  0x00000200e70d3bd0 JavaThread "Unconstrained build operations Thread 16" [_thread_blocked, id=24124, stack(0x000000771fa00000,0x000000771fb00000)]
  0x00000200e70d2790 JavaThread "Unconstrained build operations Thread 17" [_thread_blocked, id=2332, stack(0x000000771fb00000,0x000000771fc00000)]
  0x00000200e70d1350 JavaThread "Unconstrained build operations Thread 18" [_thread_blocked, id=20908, stack(0x000000771e900000,0x000000771ea00000)]
  0x00000200e70d0420 JavaThread "Unconstrained build operations Thread 19" [_thread_blocked, id=14480, stack(0x000000771fc00000,0x000000771fd00000)]
  0x00000200e70d6450 JavaThread "Unconstrained build operations Thread 20" [_thread_blocked, id=12512, stack(0x000000771fd00000,0x000000771fe00000)]
  0x00000200e70d6e70 JavaThread "Unconstrained build operations Thread 21" [_thread_blocked, id=23340, stack(0x000000771fe00000,0x000000771ff00000)]
  0x00000200e70d45f0 JavaThread "Unconstrained build operations Thread 22" [_thread_blocked, id=24236, stack(0x000000771ff00000,0x0000007720000000)]
  0x00000200e70d7380 JavaThread "Unconstrained build operations Thread 23" [_thread_blocked, id=21624, stack(0x0000007720000000,0x0000007720100000)]
  0x00000200e70d7890 JavaThread "Unconstrained build operations Thread 24" [_thread_blocked, id=22036, stack(0x0000007720100000,0x0000007720200000)]
  0x00000200e70d4b00 JavaThread "Memory manager" [_thread_blocked, id=17184, stack(0x0000007720200000,0x0000007720300000)]
  0x00000200e70d5010 JavaThread "build event listener" [_thread_blocked, id=22548, stack(0x0000007720400000,0x0000007720500000)]
  0x00000200e70d5f40 JavaThread "build event listener" [_thread_blocked, id=19168, stack(0x0000007720500000,0x0000007720600000)]
  0x00000200e900a300 JavaThread "ForkJoinPool.commonPool-worker-1" daemon [_thread_blocked, id=9636, stack(0x0000007720600000,0x0000007720700000)]
  0x00000200e900ad20 JavaThread "ForkJoinPool.commonPool-worker-2" daemon [_thread_blocked, id=24516, stack(0x0000007720700000,0x0000007720800000)]
  0x00000200e900a810 JavaThread "ForkJoinPool.commonPool-worker-4" daemon [_thread_blocked, id=14728, stack(0x0000007720900000,0x0000007720a00000)]
  0x00000200e900b230 JavaThread "ForkJoinPool.commonPool-worker-5" daemon [_thread_blocked, id=19164, stack(0x0000007720a00000,0x0000007720b00000)]
  0x00000200e9007f90 JavaThread "ForkJoinPool.commonPool-worker-7" daemon [_thread_blocked, id=508, stack(0x0000007720c00000,0x0000007720d00000)]
  0x00000200e4ff5660 JavaThread "Build operations" [_thread_blocked, id=8420, stack(0x0000007721000000,0x0000007721100000)]
  0x00000200e4ff74c0 JavaThread "Unconstrained build operations Thread 25" [_thread_blocked, id=16548, stack(0x0000007721100000,0x0000007721200000)]
  0x00000200e4ff4730 JavaThread "Unconstrained build operations Thread 26" [_thread_blocked, id=22756, stack(0x0000007721200000,0x0000007721300000)]
  0x00000200e4ff6080 JavaThread "Unconstrained build operations Thread 27" [_thread_blocked, id=24496, stack(0x0000007721300000,0x0000007721400000)]
  0x00000200e4ff83f0 JavaThread "Unconstrained build operations Thread 28" [_thread_blocked, id=22768, stack(0x0000007721400000,0x0000007721500000)]
  0x00000200e4ff8900 JavaThread "Unconstrained build operations Thread 29" [_thread_blocked, id=20340, stack(0x0000007721500000,0x0000007721600000)]
  0x00000200e4ff6590 JavaThread "Unconstrained build operations Thread 30" [_thread_blocked, id=24224, stack(0x0000007721600000,0x0000007721700000)]
  0x00000200e4ff8e10 JavaThread "Unconstrained build operations Thread 31" [_thread_blocked, id=20660, stack(0x0000007721700000,0x0000007721800000)]
  0x00000200e4ff9320 JavaThread "Unconstrained build operations Thread 32" [_thread_blocked, id=24492, stack(0x0000007721800000,0x0000007721900000)]
  0x00000200e4ff6aa0 JavaThread "Unconstrained build operations Thread 33" [_thread_blocked, id=17892, stack(0x0000007721900000,0x0000007721a00000)]
  0x00000200e4ff9830 JavaThread "Unconstrained build operations Thread 34" [_thread_blocked, id=17616, stack(0x0000007721a00000,0x0000007721b00000)]
  0x00000200e4ffa250 JavaThread "Unconstrained build operations Thread 35" [_thread_blocked, id=22800, stack(0x000000771ca00000,0x000000771cb00000)]
  0x00000200e4ffa760 JavaThread "Unconstrained build operations Thread 36" [_thread_blocked, id=24020, stack(0x0000007720f00000,0x0000007721000000)]
  0x00000200e4ffac70 JavaThread "Unconstrained build operations Thread 37" [_thread_blocked, id=2936, stack(0x0000007721c00000,0x0000007721d00000)]
  0x00000200e4ffb180 JavaThread "Unconstrained build operations Thread 38" [_thread_blocked, id=22928, stack(0x0000007721d00000,0x0000007721e00000)]
  0x00000200e90098e0 JavaThread "Unconstrained build operations Thread 39" [_thread_blocked, id=21940, stack(0x0000007721e00000,0x0000007721f00000)]
  0x00000200e976d570 JavaThread "Unconstrained build operations Thread 40" [_thread_blocked, id=23644, stack(0x0000007721f00000,0x0000007722000000)]
  0x00000200e976f8e0 JavaThread "Unconstrained build operations Thread 41" [_thread_blocked, id=19364, stack(0x0000007722000000,0x0000007722100000)]
  0x00000200e976fdf0 JavaThread "Unconstrained build operations Thread 42" [_thread_blocked, id=11124, stack(0x0000007722100000,0x0000007722200000)]
  0x00000200e9770300 JavaThread "Unconstrained build operations Thread 43" [_thread_blocked, id=20760, stack(0x0000007722200000,0x0000007722300000)]
  0x00000200e976df90 JavaThread "Unconstrained build operations Thread 44" [_thread_blocked, id=8784, stack(0x0000007722300000,0x0000007722400000)]
  0x00000200e976e9b0 JavaThread "Unconstrained build operations Thread 45" [_thread_blocked, id=12544, stack(0x0000007722400000,0x0000007722500000)]
  0x00000200e9770810 JavaThread "Build operations Thread 2" [_thread_blocked, id=13616, stack(0x0000007722800000,0x0000007722900000)]
  0x00000200e976d060 JavaThread "included builds" [_thread_blocked, id=17360, stack(0x0000007722700000,0x0000007722800000)]
  0x00000200e9770d20 JavaThread "Execution worker" [_thread_blocked, id=23212, stack(0x0000007722900000,0x0000007722a00000)]
  0x00000200e9771230 JavaThread "Execution worker Thread 2" [_thread_blocked, id=6552, stack(0x0000007722a00000,0x0000007722b00000)]
  0x00000200e9771740 JavaThread "Execution worker Thread 3" [_thread_blocked, id=20644, stack(0x0000007722b00000,0x0000007722c00000)]
  0x00000200e9771c50 JavaThread "Execution worker Thread 4" [_thread_blocked, id=20880, stack(0x0000007722c00000,0x0000007722d00000)]
  0x00000200e976e4a0 JavaThread "Execution worker Thread 5" [_thread_blocked, id=11108, stack(0x0000007722d00000,0x0000007722e00000)]
  0x00000200e9772670 JavaThread "Execution worker Thread 6" [_thread_blocked, id=20036, stack(0x0000007722e00000,0x0000007722f00000)]
  0x00000200e9772160 JavaThread "Execution worker Thread 7" [_thread_blocked, id=1392, stack(0x0000007722f00000,0x0000007723000000)]
  0x00000200e9772b80 JavaThread "Cache worker for execution history cache (D:\android-projeler\are-we-okay-app\android\.gradle\9.1.0\executionHistory)" [_thread_blocked, id=22284, stack(0x0000007723000000,0x0000007723100000)]
  0x00000200e97749e0 JavaThread "Unconstrained build operations Thread 46" [_thread_blocked, id=21588, stack(0x0000007722600000,0x0000007722700000)]
  0x00000200e97735a0 JavaThread "Unconstrained build operations Thread 47" [_thread_blocked, id=12992, stack(0x0000007723100000,0x0000007723200000)]
  0x00000200e9773ab0 JavaThread "Unconstrained build operations Thread 48" [_thread_blocked, id=22420, stack(0x0000007723200000,0x0000007723300000)]
  0x00000200e9773fc0 JavaThread "Unconstrained build operations Thread 49" [_thread_blocked, id=21020, stack(0x0000007723300000,0x0000007723400000)]
  0x00000200e6f543a0 JavaThread "Unconstrained build operations Thread 50" [_thread_blocked, id=18828, stack(0x0000007723400000,0x0000007723500000)]
  0x00000200e6f557e0 JavaThread "Unconstrained build operations Thread 51" [_thread_blocked, id=5784, stack(0x0000007723500000,0x0000007723600000)]
  0x00000200e6f57130 JavaThread "Unconstrained build operations Thread 52" [_thread_blocked, id=22488, stack(0x0000007723600000,0x0000007723700000)]
  0x00000200e6f55cf0 JavaThread "Unconstrained build operations Thread 53" [_thread_blocked, id=4616, stack(0x0000007723700000,0x0000007723800000)]
  0x00000200e6f56200 JavaThread "Unconstrained build operations Thread 54" [_thread_blocked, id=5160, stack(0x0000007723800000,0x0000007723900000)]
  0x00000200e6f57b50 JavaThread "Unconstrained build operations Thread 55" [_thread_blocked, id=21996, stack(0x0000007723900000,0x0000007723a00000)]
  0x00000200e6f56710 JavaThread "Unconstrained build operations Thread 56" [_thread_blocked, id=20432, stack(0x0000007723a00000,0x0000007723b00000)]
  0x00000200e6f548b0 JavaThread "Unconstrained build operations Thread 57" [_thread_blocked, id=22072, stack(0x0000007723b00000,0x0000007723c00000)]
  0x00000200e6f56c20 JavaThread "Unconstrained build operations Thread 58" [_thread_blocked, id=23916, stack(0x0000007723c00000,0x0000007723d00000)]
  0x00000200e6f57640 JavaThread "Unconstrained build operations Thread 59" [_thread_blocked, id=21512, stack(0x0000007723d00000,0x0000007723e00000)]
  0x00000200e6f58060 JavaThread "Unconstrained build operations Thread 60" [_thread_blocked, id=22500, stack(0x0000007723e00000,0x0000007723f00000)]
  0x00000200e6f58570 JavaThread "Unconstrained build operations Thread 61" [_thread_blocked, id=996, stack(0x0000007723f00000,0x0000007724000000)]
  0x00000200e6f552d0 JavaThread "Unconstrained build operations Thread 62" [_thread_blocked, id=22612, stack(0x0000007724000000,0x0000007724100000)]
  0x00000200e6f54dc0 JavaThread "Unconstrained build operations Thread 63" [_thread_blocked, id=23960, stack(0x0000007724100000,0x0000007724200000)]
  0x00000200e6f5b810 JavaThread "Unconstrained build operations Thread 64" [_thread_blocked, id=3176, stack(0x0000007724200000,0x0000007724300000)]
  0x00000200e6f58f90 JavaThread "Unconstrained build operations Thread 65" [_thread_blocked, id=16236, stack(0x0000007724300000,0x0000007724400000)]
  0x00000200e6f599b0 JavaThread "Unconstrained build operations Thread 66" [_thread_blocked, id=23524, stack(0x0000007724400000,0x0000007724500000)]
  0x00000200e6f5bd20 JavaThread "Unconstrained build operations Thread 68" [_thread_blocked, id=20152, stack(0x0000007724500000,0x0000007724600000)]
  0x00000200e6f594a0 JavaThread "Unconstrained build operations Thread 69" [_thread_blocked, id=22740, stack(0x0000007724600000,0x0000007724700000)]
  0x00000200e6f5a8e0 JavaThread "Unconstrained build operations Thread 70" [_thread_blocked, id=14048, stack(0x0000007724700000,0x0000007724800000)]
  0x00000200e6f58a80 JavaThread "Unconstrained build operations Thread 67" [_thread_blocked, id=17856, stack(0x0000007724800000,0x0000007724900000)]
  0x00000200e6f59ec0 JavaThread "Unconstrained build operations Thread 71" [_thread_blocked, id=23536, stack(0x0000007724900000,0x0000007724a00000)]
  0x00000200e6f5b300 JavaThread "Unconstrained build operations Thread 72" [_thread_blocked, id=23160, stack(0x0000007724a00000,0x0000007724b00000)]
  0x00000200e6f5adf0 JavaThread "Unconstrained build operations Thread 73" [_thread_blocked, id=11872, stack(0x0000007724b00000,0x0000007724c00000)]
  0x00000200e6f5a3d0 JavaThread "Unconstrained build operations Thread 74" [_thread_blocked, id=24372, stack(0x0000007724c00000,0x0000007724d00000)]
  0x00000200e97744d0 JavaThread "Unconstrained build operations Thread 75" [_thread_blocked, id=18056, stack(0x0000007724d00000,0x0000007724e00000)]
  0x00000200ea9aced0 JavaThread "Unconstrained build operations Thread 76" [_thread_blocked, id=2304, stack(0x0000007724e00000,0x0000007724f00000)]
  0x00000200ea9b0680 JavaThread "Unconstrained build operations Thread 77" [_thread_blocked, id=24252, stack(0x0000007724f00000,0x0000007725000000)]
  0x00000200ea9b0170 JavaThread "Unconstrained build operations Thread 78" [_thread_blocked, id=176, stack(0x0000007725000000,0x0000007725100000)]
  0x00000200ea9aed30 JavaThread "Unconstrained build operations Thread 79" [_thread_blocked, id=3392, stack(0x0000007725100000,0x0000007725200000)]
  0x00000200ea9af240 JavaThread "Unconstrained build operations Thread 80" [_thread_blocked, id=21888, stack(0x0000007725200000,0x0000007725300000)]
  0x00000200ea9ad8f0 JavaThread "WorkerExecutor Queue" [_thread_blocked, id=22780, stack(0x0000007725400000,0x0000007725500000)]
  0x00000200e4ffb690 JavaThread "WorkerExecutor Queue Thread 2" [_thread_in_native, id=10244, stack(0x0000007725700000,0x0000007725800000)]
  0x00000200ea5b54f0 JavaThread "RMI Scheduler(0)" daemon [_thread_blocked, id=3028, stack(0x0000007725500000,0x0000007725600000)]
  0x00000200ea5b45c0 JavaThread "RMI RenewClean-[127.0.0.1:17115,org.jetbrains.kotlin.daemon.common.LoopbackNetworkInterface$ClientLoopbackSocketFactory@7a247f73]" daemon [_thread_blocked, id=2608, stack(0x0000007725600000,0x0000007725700000)]
  0x00000200ea5b3690 JavaThread "RMI GC Daemon" daemon [_thread_blocked, id=15168, stack(0x0000007725800000,0x0000007725900000)]
  0x00000200ea5b5f10 JavaThread "RMI TCP Accept-0" daemon [_thread_in_native, id=20164, stack(0x0000007725900000,0x0000007725a00000)]
  0x00000200ea5b6420 JavaThread "RMI Reaper" [_thread_blocked, id=15812, stack(0x0000007725a00000,0x0000007725b00000)]
  0x00000200ea5b7350 JavaThread "WorkerExecutor Queue Thread 3" [_thread_blocked, id=21660, stack(0x000000771b500000,0x000000771b600000)]
  0x00000200ea5b3ba0 JavaThread "WorkerExecutor Queue Thread 4" [_thread_in_Java, id=24012, stack(0x0000007725c00000,0x0000007725d00000)]
  0x00000200ea5b7860 JavaThread "WorkerExecutor Queue Thread 5" [_thread_blocked, id=22720, stack(0x0000007725d00000,0x0000007725e00000)]
  0x00000200ea5b40b0 JavaThread "WorkerExecutor Queue Thread 6" [_thread_in_native, id=22516, stack(0x0000007725e00000,0x0000007725f00000)]
  0x00000200ea5bb010 JavaThread "WorkerExecutor Queue Thread 7" [_thread_in_native, id=9168, stack(0x0000007725f00000,0x0000007726000000)]
  0x00000200ea5b96c0 JavaThread "WorkerExecutor Queue Thread 8" [_thread_blocked, id=23868, stack(0x0000007726000000,0x0000007726100000)]
  0x00000200ea5b7d70 JavaThread "pool-3-thread-1" [_thread_blocked, id=7560, stack(0x0000007720300000,0x0000007720400000)]
  0x00000200ea5b8280 JavaThread "stderr" [_thread_in_native, id=4968, stack(0x0000007720d00000,0x0000007720e00000)]
  0x00000200ea5b9bd0 JavaThread "stdout" [_thread_in_native, id=19940, stack(0x0000007720e00000,0x0000007720f00000)]
  0x00000200ea5b8ca0 JavaThread "stderr" [_thread_in_native, id=22880, stack(0x0000007726100000,0x0000007726200000)]
  0x00000200ea5ba5f0 JavaThread "stdout" [_thread_in_native, id=22192, stack(0x0000007726200000,0x0000007726300000)]
  0x00000200ea5b6e40 JavaThread "stderr" [_thread_in_native, id=22452, stack(0x0000007726300000,0x0000007726400000)]
  0x00000200e4ff6fb0 JavaThread "stdout" [_thread_in_native, id=15928, stack(0x0000007726400000,0x0000007726500000)]
  0x00000200e4ff5150 JavaThread "stderr" [_thread_in_native, id=24404, stack(0x0000007726500000,0x0000007726600000)]
  0x00000200ea5b91b0 JavaThread "stdout" [_thread_in_native, id=18944, stack(0x0000007726600000,0x0000007726700000)]
  0x00000200e2bf4620 JavaThread "stderr" [_thread_in_native, id=23668, stack(0x0000007726700000,0x0000007726800000)]
  0x00000200e2bf36f0 JavaThread "stdout" [_thread_in_native, id=21712, stack(0x0000007726800000,0x0000007726900000)]
  0x00000200e2bf5550 JavaThread "stderr" [_thread_in_native, id=18952, stack(0x0000007726900000,0x0000007726a00000)]
  0x00000200e2bf31e0 JavaThread "stdout" [_thread_in_native, id=23628, stack(0x0000007726a00000,0x0000007726b00000)]
  0x00000200e2bf5f70 JavaThread "stderr" [_thread_in_native, id=8716, stack(0x000000771b400000,0x000000771b500000)]
  0x00000200e2bf5a60 JavaThread "stdout" [_thread_in_native, id=17976, stack(0x000000771b600000,0x000000771b700000)]
  0x00000200e2bf6990 JavaThread "pool-4-thread-1" [_thread_blocked, id=24028, stack(0x0000007726c00000,0x0000007726d00000)]
  0x00000200e2bf5040 JavaThread "DefaultDispatcher-worker-1" daemon [_thread_blocked, id=23112, stack(0x0000007726b00000,0x0000007726c00000)]
  0x00000200e2bf3c00 JavaThread "DefaultDispatcher-worker-2" daemon [_thread_blocked, id=22904, stack(0x0000007726d00000,0x0000007726e00000)]
  0x00000200e2bf8d00 JavaThread "DefaultDispatcher-worker-3" daemon [_thread_blocked, id=9884, stack(0x0000007726e00000,0x0000007726f00000)]
  0x00000200e2bfa650 JavaThread "DefaultDispatcher-worker-4" daemon [_thread_blocked, id=22000, stack(0x0000007727000000,0x0000007727100000)]
  0x00000200eb6a2010 JavaThread "jar transforms" [_thread_blocked, id=8464, stack(0x0000007720800000,0x0000007720900000)]
  0x00000200eb69e860 JavaThread "jar transforms Thread 2" [_thread_blocked, id=20932, stack(0x0000007720b00000,0x0000007720c00000)]
  0x00000200eb6a2520 JavaThread "jar transforms Thread 3" [_thread_blocked, id=17136, stack(0x0000007722500000,0x0000007722600000)]
  0x00000200eb69ed70 JavaThread "jar transforms Thread 4" [_thread_blocked, id=22716, stack(0x0000007725300000,0x0000007725400000)]
  0x00000200eb6a2a30 JavaThread "jar transforms Thread 5" [_thread_blocked, id=4328, stack(0x0000007725b00000,0x0000007725c00000)]
  0x00000200e585d730 JavaThread "DefaultDispatcher-worker-1" daemon [_thread_blocked, id=23336, stack(0x0000007727100000,0x0000007727200000)]
  0x00000200e58655c0 JavaThread "DefaultDispatcher-worker-2" daemon [_thread_blocked, id=23948, stack(0x0000007727200000,0x0000007727300000)]
  0x00000200e5865ad0 JavaThread "DefaultDispatcher-worker-3" daemon [_thread_blocked, id=21764, stack(0x0000007727400000,0x0000007727500000)]
  0x000002010a09e590 JavaThread "C2 CompilerThread1" daemon [_thread_in_native, id=23780, stack(0x0000007726f00000,0x0000007727000000)]
=>0x000002010a09cb00 JavaThread "C2 CompilerThread2" daemon [_thread_in_native, id=18256, stack(0x0000007727300000,0x0000007727400000)]

Other Threads:
  0x00000200ff43ff00 VMThread "VM Thread" [stack: 0x000000771bd00000,0x000000771be00000] [id=12828]
  0x000002009ccac430 WatcherThread [stack: 0x000000771c900000,0x000000771ca00000] [id=22496]
  0x00000200fda528f0 GCTaskThread "GC Thread#0" [stack: 0x000000771b800000,0x000000771b900000] [id=21368]
  0x00000200e256a3b0 GCTaskThread "GC Thread#1" [stack: 0x000000771cc00000,0x000000771cd00000] [id=17500]
  0x00000200e226dec0 GCTaskThread "GC Thread#2" [stack: 0x000000771cd00000,0x000000771ce00000] [id=19608]
  0x00000200e226e190 GCTaskThread "GC Thread#3" [stack: 0x000000771ce00000,0x000000771cf00000] [id=22556]
  0x00000200e2436080 GCTaskThread "GC Thread#4" [stack: 0x000000771cf00000,0x000000771d000000] [id=17992]
  0x00000200e2436350 GCTaskThread "GC Thread#5" [stack: 0x000000771d000000,0x000000771d100000] [id=7920]
  0x00000200e2f6b8a0 GCTaskThread "GC Thread#6" [stack: 0x000000771de00000,0x000000771df00000] [id=16448]
  0x00000200e2f6bb70 GCTaskThread "GC Thread#7" [stack: 0x000000771df00000,0x000000771e000000] [id=24356]
  0x00000200fda638c0 ConcurrentGCThread "G1 Main Marker" [stack: 0x000000771b900000,0x000000771ba00000] [id=24284]
  0x00000200fda65c10 ConcurrentGCThread "G1 Conc#0" [stack: 0x000000771ba00000,0x000000771bb00000] [id=10640]
  0x00000200e2f6c110 ConcurrentGCThread "G1 Conc#1" [stack: 0x000000771e000000,0x000000771e100000] [id=23172]
  0x00000200fda9e2c0 ConcurrentGCThread "G1 Refine#0" [stack: 0x000000771bb00000,0x000000771bc00000] [id=24272]
  0x00000200e21bc0b0 ConcurrentGCThread "G1 Refine#1" [stack: 0x000000771d100000,0x000000771d200000] [id=22680]
  0x00000200fda9e5c0 ConcurrentGCThread "G1 Service" [stack: 0x000000771bc00000,0x000000771bd00000] [id=24288]

Threads with active compile tasks:
C2 CompilerThread0  173686 45281       4       org.objectweb.asm.ClassReader::readCode (5117 bytes)
C2 CompilerThread1  173686 45468       4       org.objectweb.asm.ClassReader::accept (1419 bytes)
C2 CompilerThread2  173686 45433       4       org.objectweb.asm.ClassReader::accept (1420 bytes)

VM state: not at safepoint (normal execution)

VM Mutex/Monitor currently owned by a thread: None

Heap address: 0x0000000080000000, size: 2048 MB, Compressed Oops mode: 32-bit

CDS archive(s) mapped at: [0x000002009d000000-0x000002009dbb0000-0x000002009dbb0000), size 12255232, SharedBaseAddress: 0x000002009d000000, ArchiveRelocationMode: 1.
Compressed class space mapped at: 0x000002009e000000-0x00000200de000000, reserved size: 1073741824
Narrow klass base: 0x000002009d000000, Narrow klass shift: 0, Narrow klass range: 0x100000000

GC Precious Log:
 CPUs: 8 total, 8 available
 Memory: 16173M
 Large Page Support: Disabled
 NUMA Support: Disabled
 Compressed Oops: Enabled (32-bit)
 Heap Region Size: 1M
 Heap Min Capacity: 8M
 Heap Initial Capacity: 254M
 Heap Max Capacity: 2G
 Pre-touch: Disabled
 Parallel Workers: 8
 Concurrent Workers: 2
 Concurrent Refinement Workers: 8
 Periodic GC: Disabled

Heap:
 garbage-first heap   total 788480K, used 639407K [0x0000000080000000, 0x0000000100000000)
  region size 1024K, 273 young (279552K), 18 survivors (18432K)
 Metaspace       used 244748K, committed 246464K, reserved 1310720K
  class space    used 29004K, committed 29888K, reserved 1048576K

Heap Regions: E=young(eden), S=young(survivor), O=old, HS=humongous(starts), HC=humongous(continues), CS=collection set, F=free, OA=open archive, CA=closed archive, TAMS=top-at-mark-start (previous, next)
|   0|0x0000000080000000, 0x0000000080100000, 0x0000000080100000|100%|HS|  |TAMS 0x0000000080100000, 0x0000000080000000| Complete 
|   1|0x0000000080100000, 0x0000000080200000, 0x0000000080200000|100%|HC|  |TAMS 0x0000000080200000, 0x0000000080100000| Complete 
|   2|0x0000000080200000, 0x0000000080300000, 0x0000000080300000|100%|HC|  |TAMS 0x0000000080300000, 0x0000000080200000| Complete 
|   3|0x0000000080300000, 0x0000000080400000, 0x0000000080400000|100%| O|  |TAMS 0x0000000080400000, 0x0000000080300000| Untracked 
|   4|0x0000000080400000, 0x0000000080500000, 0x0000000080500000|100%| O|  |TAMS 0x0000000080500000, 0x0000000080400000| Untracked 
|   5|0x0000000080500000, 0x0000000080600000, 0x0000000080600000|100%| O|  |TAMS 0x0000000080600000, 0x0000000080500000| Untracked 
|   6|0x0000000080600000, 0x0000000080700000, 0x0000000080700000|100%|HS|  |TAMS 0x0000000080700000, 0x0000000080600000| Complete 
|   7|0x0000000080700000, 0x0000000080800000, 0x0000000080800000|100%| O|  |TAMS 0x0000000080800000, 0x0000000080700000| Untracked 
|   8|0x0000000080800000, 0x0000000080900000, 0x0000000080900000|100%| O|  |TAMS 0x0000000080900000, 0x0000000080800000| Untracked 
|   9|0x0000000080900000, 0x0000000080a00000, 0x0000000080a00000|100%| O|  |TAMS 0x0000000080a00000, 0x0000000080900000| Untracked 
|  10|0x0000000080a00000, 0x0000000080b00000, 0x0000000080b00000|100%| O|  |TAMS 0x0000000080b00000, 0x0000000080a00000| Untracked 
|  11|0x0000000080b00000, 0x0000000080c00000, 0x0000000080c00000|100%| O|  |TAMS 0x0000000080c00000, 0x0000000080b00000| Untracked 
|  12|0x0000000080c00000, 0x0000000080d00000, 0x0000000080d00000|100%| O|  |TAMS 0x0000000080d00000, 0x0000000080c00000| Untracked 
|  13|0x0000000080d00000, 0x0000000080e00000, 0x0000000080e00000|100%| O|  |TAMS 0x0000000080e00000, 0x0000000080d00000| Untracked 
|  14|0x0000000080e00000, 0x0000000080f00000, 0x0000000080f00000|100%| O|  |TAMS 0x0000000080f00000, 0x0000000080e00000| Untracked 
|  15|0x0000000080f00000, 0x0000000081000000, 0x0000000081000000|100%| O|  |TAMS 0x0000000081000000, 0x0000000080f00000| Untracked 
|  16|0x0000000081000000, 0x0000000081100000, 0x0000000081100000|100%| O|  |TAMS 0x0000000081100000, 0x0000000081000000| Untracked 
|  17|0x0000000081100000, 0x0000000081200000, 0x0000000081200000|100%| O|  |TAMS 0x0000000081200000, 0x0000000081100000| Untracked 
|  18|0x0000000081200000, 0x0000000081300000, 0x0000000081300000|100%| O|  |TAMS 0x0000000081300000, 0x0000000081200000| Untracked 
|  19|0x0000000081300000, 0x0000000081400000, 0x0000000081400000|100%| O|  |TAMS 0x0000000081400000, 0x0000000081300000| Untracked 
|  20|0x0000000081400000, 0x0000000081500000, 0x0000000081500000|100%| O|  |TAMS 0x0000000081500000, 0x0000000081400000| Untracked 
|  21|0x0000000081500000, 0x0000000081600000, 0x0000000081600000|100%| O|  |TAMS 0x0000000081600000, 0x0000000081500000| Untracked 
|  22|0x0000000081600000, 0x0000000081700000, 0x0000000081700000|100%| O|  |TAMS 0x0000000081700000, 0x0000000081600000| Untracked 
|  23|0x0000000081700000, 0x0000000081800000, 0x0000000081800000|100%| O|  |TAMS 0x0000000081800000, 0x0000000081700000| Untracked 
|  24|0x0000000081800000, 0x0000000081900000, 0x0000000081900000|100%| O|  |TAMS 0x0000000081900000, 0x0000000081800000| Untracked 
|  25|0x0000000081900000, 0x0000000081a00000, 0x0000000081a00000|100%| O|  |TAMS 0x0000000081a00000, 0x0000000081900000| Untracked 
|  26|0x0000000081a00000, 0x0000000081b00000, 0x0000000081b00000|100%| O|  |TAMS 0x0000000081b00000, 0x0000000081a00000| Untracked 
|  27|0x0000000081b00000, 0x0000000081c00000, 0x0000000081c00000|100%| O|  |TAMS 0x0000000081c00000, 0x0000000081b00000| Untracked 
|  28|0x0000000081c00000, 0x0000000081d00000, 0x0000000081d00000|100%| O|  |TAMS 0x0000000081d00000, 0x0000000081c00000| Untracked 
|  29|0x0000000081d00000, 0x0000000081e00000, 0x0000000081e00000|100%| O|  |TAMS 0x0000000081e00000, 0x0000000081d00000| Untracked 
|  30|0x0000000081e00000, 0x0000000081f00000, 0x0000000081f00000|100%| O|  |TAMS 0x0000000081f00000, 0x0000000081e00000| Untracked 
|  31|0x0000000081f00000, 0x0000000082000000, 0x0000000082000000|100%| O|  |TAMS 0x0000000082000000, 0x0000000081f00000| Untracked 
|  32|0x0000000082000000, 0x0000000082100000, 0x0000000082100000|100%| O|  |TAMS 0x0000000082100000, 0x0000000082000000| Untracked 
|  33|0x0000000082100000, 0x0000000082200000, 0x0000000082200000|100%| O|  |TAMS 0x0000000082200000, 0x0000000082100000| Untracked 
|  34|0x0000000082200000, 0x0000000082300000, 0x0000000082300000|100%| O|  |TAMS 0x0000000082300000, 0x0000000082200000| Untracked 
|  35|0x0000000082300000, 0x0000000082400000, 0x0000000082400000|100%| O|  |TAMS 0x0000000082400000, 0x0000000082300000| Untracked 
|  36|0x0000000082400000, 0x0000000082500000, 0x0000000082500000|100%| O|  |TAMS 0x0000000082500000, 0x0000000082400000| Untracked 
|  37|0x0000000082500000, 0x0000000082600000, 0x0000000082600000|100%| O|  |TAMS 0x0000000082600000, 0x0000000082500000| Untracked 
|  38|0x0000000082600000, 0x0000000082700000, 0x0000000082700000|100%| O|  |TAMS 0x0000000082700000, 0x0000000082600000| Untracked 
|  39|0x0000000082700000, 0x0000000082800000, 0x0000000082800000|100%| O|  |TAMS 0x0000000082800000, 0x0000000082700000| Untracked 
|  40|0x0000000082800000, 0x0000000082900000, 0x0000000082900000|100%| O|  |TAMS 0x0000000082900000, 0x0000000082800000| Untracked 
|  41|0x0000000082900000, 0x0000000082a00000, 0x0000000082a00000|100%| O|  |TAMS 0x0000000082a00000, 0x0000000082900000| Untracked 
|  42|0x0000000082a00000, 0x0000000082b00000, 0x0000000082b00000|100%| O|  |TAMS 0x0000000082b00000, 0x0000000082a00000| Untracked 
|  43|0x0000000082b00000, 0x0000000082c00000, 0x0000000082c00000|100%| O|  |TAMS 0x0000000082c00000, 0x0000000082b00000| Untracked 
|  44|0x0000000082c00000, 0x0000000082d00000, 0x0000000082d00000|100%|HS|  |TAMS 0x0000000082d00000, 0x0000000082c00000| Complete 
|  45|0x0000000082d00000, 0x0000000082e00000, 0x0000000082e00000|100%| O|  |TAMS 0x0000000082e00000, 0x0000000082d00000| Untracked 
|  46|0x0000000082e00000, 0x0000000082f00000, 0x0000000082f00000|100%| O|  |TAMS 0x0000000082f00000, 0x0000000082e00000| Untracked 
|  47|0x0000000082f00000, 0x0000000083000000, 0x0000000083000000|100%| O|  |TAMS 0x0000000083000000, 0x0000000082f00000| Untracked 
|  48|0x0000000083000000, 0x0000000083100000, 0x0000000083100000|100%|HS|  |TAMS 0x0000000083100000, 0x0000000083000000| Complete 
|  49|0x0000000083100000, 0x0000000083200000, 0x0000000083200000|100%|HS|  |TAMS 0x0000000083200000, 0x0000000083100000| Complete 
|  50|0x0000000083200000, 0x0000000083300000, 0x0000000083300000|100%|HC|  |TAMS 0x0000000083300000, 0x0000000083200000| Complete 
|  51|0x0000000083300000, 0x0000000083400000, 0x0000000083400000|100%|HS|  |TAMS 0x0000000083400000, 0x0000000083300000| Complete 
|  52|0x0000000083400000, 0x0000000083500000, 0x0000000083500000|100%|HS|  |TAMS 0x0000000083500000, 0x0000000083400000| Complete 
|  53|0x0000000083500000, 0x0000000083600000, 0x0000000083600000|100%| O|  |TAMS 0x0000000083600000, 0x0000000083500000| Untracked 
|  54|0x0000000083600000, 0x0000000083700000, 0x0000000083700000|100%|HS|  |TAMS 0x0000000083700000, 0x0000000083600000| Complete 
|  55|0x0000000083700000, 0x0000000083800000, 0x0000000083800000|100%|HS|  |TAMS 0x0000000083800000, 0x0000000083700000| Complete 
|  56|0x0000000083800000, 0x0000000083900000, 0x0000000083900000|100%| O|  |TAMS 0x0000000083900000, 0x0000000083800000| Untracked 
|  57|0x0000000083900000, 0x0000000083a00000, 0x0000000083a00000|100%| O|  |TAMS 0x0000000083a00000, 0x0000000083900000| Untracked 
|  58|0x0000000083a00000, 0x0000000083b00000, 0x0000000083b00000|100%| O|  |TAMS 0x0000000083b00000, 0x0000000083a00000| Untracked 
|  59|0x0000000083b00000, 0x0000000083c00000, 0x0000000083c00000|100%| O|  |TAMS 0x0000000083c00000, 0x0000000083b00000| Untracked 
|  60|0x0000000083c00000, 0x0000000083d00000, 0x0000000083d00000|100%| O|  |TAMS 0x0000000083d00000, 0x0000000083c00000| Untracked 
|  61|0x0000000083d00000, 0x0000000083e00000, 0x0000000083e00000|100%| O|  |TAMS 0x0000000083e00000, 0x0000000083d00000| Untracked 
|  62|0x0000000083e00000, 0x0000000083f00000, 0x0000000083f00000|100%|HS|  |TAMS 0x0000000083f00000, 0x0000000083e00000| Complete 
|  63|0x0000000083f00000, 0x0000000084000000, 0x0000000084000000|100%|HC|  |TAMS 0x0000000084000000, 0x0000000083f00000| Complete 
|  64|0x0000000084000000, 0x0000000084100000, 0x0000000084100000|100%| O|  |TAMS 0x0000000084100000, 0x0000000084000000| Untracked 
|  65|0x0000000084100000, 0x0000000084200000, 0x0000000084200000|100%| O|  |TAMS 0x0000000084200000, 0x0000000084100000| Untracked 
|  66|0x0000000084200000, 0x0000000084300000, 0x0000000084300000|100%| O|  |TAMS 0x0000000084300000, 0x0000000084200000| Untracked 
|  67|0x0000000084300000, 0x0000000084400000, 0x0000000084400000|100%| O|  |TAMS 0x0000000084400000, 0x0000000084300000| Untracked 
|  68|0x0000000084400000, 0x0000000084500000, 0x0000000084500000|100%| O|  |TAMS 0x0000000084500000, 0x0000000084400000| Untracked 
|  69|0x0000000084500000, 0x0000000084600000, 0x0000000084600000|100%| O|  |TAMS 0x0000000084600000, 0x0000000084500000| Untracked 
|  70|0x0000000084600000, 0x0000000084700000, 0x0000000084700000|100%|HS|  |TAMS 0x0000000084700000, 0x0000000084600000| Complete 
|  71|0x0000000084700000, 0x0000000084800000, 0x0000000084800000|100%| O|  |TAMS 0x0000000084800000, 0x0000000084700000| Untracked 
|  72|0x0000000084800000, 0x0000000084900000, 0x0000000084900000|100%| O|  |TAMS 0x0000000084900000, 0x0000000084800000| Untracked 
|  73|0x0000000084900000, 0x0000000084a00000, 0x0000000084a00000|100%| O|  |TAMS 0x0000000084a00000, 0x0000000084900000| Untracked 
|  74|0x0000000084a00000, 0x0000000084b00000, 0x0000000084b00000|100%| O|  |TAMS 0x0000000084b00000, 0x0000000084a00000| Untracked 
|  75|0x0000000084b00000, 0x0000000084c00000, 0x0000000084c00000|100%| O|  |TAMS 0x0000000084c00000, 0x0000000084b00000| Untracked 
|  76|0x0000000084c00000, 0x0000000084d00000, 0x0000000084d00000|100%| O|  |TAMS 0x0000000084d00000, 0x0000000084c00000| Untracked 
|  77|0x0000000084d00000, 0x0000000084e00000, 0x0000000084e00000|100%| O|  |TAMS 0x0000000084e00000, 0x0000000084d00000| Untracked 
|  78|0x0000000084e00000, 0x0000000084f00000, 0x0000000084f00000|100%| O|  |TAMS 0x0000000084f00000, 0x0000000084e00000| Untracked 
|  79|0x0000000084f00000, 0x0000000085000000, 0x0000000085000000|100%| O|  |TAMS 0x0000000085000000, 0x0000000084f00000| Untracked 
|  80|0x0000000085000000, 0x0000000085100000, 0x0000000085100000|100%| O|  |TAMS 0x0000000085100000, 0x0000000085000000| Untracked 
|  81|0x0000000085100000, 0x0000000085200000, 0x0000000085200000|100%| O|  |TAMS 0x0000000085200000, 0x0000000085100000| Untracked 
|  82|0x0000000085200000, 0x0000000085300000, 0x0000000085300000|100%| O|  |TAMS 0x0000000085300000, 0x0000000085200000| Untracked 
|  83|0x0000000085300000, 0x0000000085400000, 0x0000000085400000|100%| O|  |TAMS 0x0000000085400000, 0x0000000085300000| Untracked 
|  84|0x0000000085400000, 0x0000000085500000, 0x0000000085500000|100%| O|  |TAMS 0x0000000085500000, 0x0000000085400000| Untracked 
|  85|0x0000000085500000, 0x0000000085600000, 0x0000000085600000|100%| O|  |TAMS 0x0000000085600000, 0x0000000085500000| Untracked 
|  86|0x0000000085600000, 0x0000000085700000, 0x0000000085700000|100%| O|  |TAMS 0x0000000085700000, 0x0000000085600000| Untracked 
|  87|0x0000000085700000, 0x0000000085800000, 0x0000000085800000|100%| O|  |TAMS 0x0000000085800000, 0x0000000085700000| Untracked 
|  88|0x0000000085800000, 0x0000000085900000, 0x0000000085900000|100%| O|  |TAMS 0x0000000085900000, 0x0000000085800000| Untracked 
|  89|0x0000000085900000, 0x0000000085a00000, 0x0000000085a00000|100%| O|  |TAMS 0x0000000085a00000, 0x0000000085900000| Untracked 
|  90|0x0000000085a00000, 0x0000000085b00000, 0x0000000085b00000|100%| O|  |TAMS 0x0000000085b00000, 0x0000000085a00000| Untracked 
|  91|0x0000000085b00000, 0x0000000085c00000, 0x0000000085c00000|100%| O|  |TAMS 0x0000000085c00000, 0x0000000085b00000| Untracked 
|  92|0x0000000085c00000, 0x0000000085d00000, 0x0000000085d00000|100%| O|  |TAMS 0x0000000085d00000, 0x0000000085c00000| Untracked 
|  93|0x0000000085d00000, 0x0000000085e00000, 0x0000000085e00000|100%| O|  |TAMS 0x0000000085e00000, 0x0000000085d00000| Untracked 
|  94|0x0000000085e00000, 0x0000000085f00000, 0x0000000085f00000|100%| O|  |TAMS 0x0000000085f00000, 0x0000000085e00000| Untracked 
|  95|0x0000000085f00000, 0x0000000086000000, 0x0000000086000000|100%| O|  |TAMS 0x0000000086000000, 0x0000000085f00000| Untracked 
|  96|0x0000000086000000, 0x0000000086100000, 0x0000000086100000|100%| O|  |TAMS 0x0000000086100000, 0x0000000086000000| Untracked 
|  97|0x0000000086100000, 0x0000000086200000, 0x0000000086200000|100%| O|  |TAMS 0x0000000086200000, 0x0000000086100000| Untracked 
|  98|0x0000000086200000, 0x0000000086300000, 0x0000000086300000|100%| O|  |TAMS 0x0000000086300000, 0x0000000086200000| Untracked 
|  99|0x0000000086300000, 0x0000000086400000, 0x0000000086400000|100%| O|  |TAMS 0x0000000086400000, 0x0000000086300000| Untracked 
| 100|0x0000000086400000, 0x0000000086500000, 0x0000000086500000|100%| O|  |TAMS 0x0000000086500000, 0x0000000086400000| Untracked 
| 101|0x0000000086500000, 0x0000000086600000, 0x0000000086600000|100%| O|  |TAMS 0x0000000086600000, 0x0000000086500000| Untracked 
| 102|0x0000000086600000, 0x0000000086700000, 0x0000000086700000|100%| O|  |TAMS 0x0000000086700000, 0x0000000086600000| Untracked 
| 103|0x0000000086700000, 0x0000000086800000, 0x0000000086800000|100%| O|  |TAMS 0x0000000086800000, 0x0000000086700000| Untracked 
| 104|0x0000000086800000, 0x0000000086900000, 0x0000000086900000|100%| O|  |TAMS 0x0000000086900000, 0x0000000086800000| Untracked 
| 105|0x0000000086900000, 0x0000000086a00000, 0x0000000086a00000|100%| O|  |TAMS 0x0000000086900000, 0x0000000086900000| Untracked 
| 106|0x0000000086a00000, 0x0000000086b00000, 0x0000000086b00000|100%| O|  |TAMS 0x0000000086b00000, 0x0000000086a00000| Untracked 
| 107|0x0000000086b00000, 0x0000000086c00000, 0x0000000086c00000|100%| O|  |TAMS 0x0000000086c00000, 0x0000000086b00000| Untracked 
| 108|0x0000000086c00000, 0x0000000086d00000, 0x0000000086d00000|100%| O|  |TAMS 0x0000000086d00000, 0x0000000086c00000| Untracked 
| 109|0x0000000086d00000, 0x0000000086e00000, 0x0000000086e00000|100%| O|  |TAMS 0x0000000086e00000, 0x0000000086d00000| Untracked 
| 110|0x0000000086e00000, 0x0000000086f00000, 0x0000000086f00000|100%| O|  |TAMS 0x0000000086f00000, 0x0000000086e00000| Untracked 
| 111|0x0000000086f00000, 0x0000000087000000, 0x0000000087000000|100%| O|  |TAMS 0x0000000087000000, 0x0000000086f00000| Untracked 
| 112|0x0000000087000000, 0x0000000087100000, 0x0000000087100000|100%| O|  |TAMS 0x0000000087100000, 0x0000000087000000| Untracked 
| 113|0x0000000087100000, 0x0000000087200000, 0x0000000087200000|100%| O|  |TAMS 0x0000000087200000, 0x0000000087100000| Untracked 
| 114|0x0000000087200000, 0x0000000087300000, 0x0000000087300000|100%| O|  |TAMS 0x0000000087300000, 0x0000000087200000| Untracked 
| 115|0x0000000087300000, 0x0000000087400000, 0x0000000087400000|100%| O|  |TAMS 0x0000000087400000, 0x0000000087300000| Untracked 
| 116|0x0000000087400000, 0x0000000087500000, 0x0000000087500000|100%| O|  |TAMS 0x0000000087500000, 0x0000000087400000| Untracked 
| 117|0x0000000087500000, 0x0000000087600000, 0x0000000087600000|100%| O|  |TAMS 0x0000000087600000, 0x0000000087500000| Untracked 
| 118|0x0000000087600000, 0x0000000087700000, 0x0000000087700000|100%| O|  |TAMS 0x0000000087700000, 0x0000000087600000| Untracked 
| 119|0x0000000087700000, 0x0000000087800000, 0x0000000087800000|100%| O|  |TAMS 0x0000000087800000, 0x0000000087700000| Untracked 
| 120|0x0000000087800000, 0x0000000087900000, 0x0000000087900000|100%| O|  |TAMS 0x0000000087900000, 0x0000000087800000| Untracked 
| 121|0x0000000087900000, 0x0000000087a00000, 0x0000000087a00000|100%| O|  |TAMS 0x0000000087a00000, 0x0000000087900000| Untracked 
| 122|0x0000000087a00000, 0x0000000087b00000, 0x0000000087b00000|100%| O|  |TAMS 0x0000000087b00000, 0x0000000087a00000| Untracked 
| 123|0x0000000087b00000, 0x0000000087c00000, 0x0000000087c00000|100%| O|  |TAMS 0x0000000087c00000, 0x0000000087b00000| Untracked 
| 124|0x0000000087c00000, 0x0000000087d00000, 0x0000000087d00000|100%| O|  |TAMS 0x0000000087d00000, 0x0000000087c00000| Untracked 
| 125|0x0000000087d00000, 0x0000000087e00000, 0x0000000087e00000|100%| O|  |TAMS 0x0000000087e00000, 0x0000000087d00000| Untracked 
| 126|0x0000000087e00000, 0x0000000087f00000, 0x0000000087f00000|100%| O|  |TAMS 0x0000000087f00000, 0x0000000087e00000| Untracked 
| 127|0x0000000087f00000, 0x0000000088000000, 0x0000000088000000|100%| O|  |TAMS 0x0000000088000000, 0x0000000087f00000| Untracked 
| 128|0x0000000088000000, 0x0000000088100000, 0x0000000088100000|100%| O|  |TAMS 0x0000000088100000, 0x0000000088000000| Untracked 
| 129|0x0000000088100000, 0x0000000088200000, 0x0000000088200000|100%| O|  |TAMS 0x0000000088200000, 0x0000000088100000| Untracked 
| 130|0x0000000088200000, 0x0000000088300000, 0x0000000088300000|100%| O|  |TAMS 0x0000000088200000, 0x0000000088200000| Untracked 
| 131|0x0000000088300000, 0x0000000088400000, 0x0000000088400000|100%|HS|  |TAMS 0x0000000088400000, 0x0000000088300000| Complete 
| 132|0x0000000088400000, 0x0000000088500000, 0x0000000088500000|100%|HC|  |TAMS 0x0000000088500000, 0x0000000088400000| Complete 
| 133|0x0000000088500000, 0x0000000088600000, 0x0000000088600000|100%|HC|  |TAMS 0x0000000088600000, 0x0000000088500000| Complete 
| 134|0x0000000088600000, 0x0000000088700000, 0x0000000088700000|100%|HC|  |TAMS 0x0000000088700000, 0x0000000088600000| Complete 
| 135|0x0000000088700000, 0x0000000088800000, 0x0000000088800000|100%| O|  |TAMS 0x0000000088800000, 0x0000000088700000| Untracked 
| 136|0x0000000088800000, 0x0000000088900000, 0x0000000088900000|100%| O|  |TAMS 0x0000000088900000, 0x0000000088800000| Untracked 
| 137|0x0000000088900000, 0x0000000088a00000, 0x0000000088a00000|100%| O|  |TAMS 0x0000000088900000, 0x0000000088900000| Untracked 
| 138|0x0000000088a00000, 0x0000000088b00000, 0x0000000088b00000|100%| O|  |TAMS 0x0000000088b00000, 0x0000000088a00000| Untracked 
| 139|0x0000000088b00000, 0x0000000088c00000, 0x0000000088c00000|100%|HS|  |TAMS 0x0000000088c00000, 0x0000000088b00000| Complete 
| 140|0x0000000088c00000, 0x0000000088d00000, 0x0000000088d00000|100%| O|  |TAMS 0x0000000088d00000, 0x0000000088c00000| Untracked 
| 141|0x0000000088d00000, 0x0000000088e00000, 0x0000000088e00000|100%| O|  |TAMS 0x0000000088d00000, 0x0000000088d00000| Untracked 
| 142|0x0000000088e00000, 0x0000000088f00000, 0x0000000088f00000|100%| O|  |TAMS 0x0000000088e00000, 0x0000000088e00000| Untracked 
| 143|0x0000000088f00000, 0x0000000089000000, 0x0000000089000000|100%| O|  |TAMS 0x0000000088f00000, 0x0000000088f00000| Untracked 
| 144|0x0000000089000000, 0x0000000089100000, 0x0000000089100000|100%| O|  |TAMS 0x0000000089100000, 0x0000000089000000| Untracked 
| 145|0x0000000089100000, 0x0000000089200000, 0x0000000089200000|100%| O|  |TAMS 0x0000000089200000, 0x0000000089100000| Untracked 
| 146|0x0000000089200000, 0x0000000089300000, 0x0000000089300000|100%| O|  |TAMS 0x0000000089300000, 0x0000000089200000| Untracked 
| 147|0x0000000089300000, 0x0000000089400000, 0x0000000089400000|100%| O|  |TAMS 0x0000000089300000, 0x0000000089300000| Untracked 
| 148|0x0000000089400000, 0x0000000089500000, 0x0000000089500000|100%| O|  |TAMS 0x0000000089400000, 0x0000000089400000| Untracked 
| 149|0x0000000089500000, 0x0000000089600000, 0x0000000089600000|100%| O|  |TAMS 0x0000000089500000, 0x0000000089500000| Untracked 
| 150|0x0000000089600000, 0x0000000089700000, 0x0000000089700000|100%| O|  |TAMS 0x0000000089700000, 0x0000000089600000| Untracked 
| 151|0x0000000089700000, 0x0000000089800000, 0x0000000089800000|100%| O|  |TAMS 0x0000000089700000, 0x0000000089700000| Untracked 
| 152|0x0000000089800000, 0x0000000089900000, 0x0000000089900000|100%| O|  |TAMS 0x0000000089900000, 0x0000000089800000| Untracked 
| 153|0x0000000089900000, 0x0000000089a00000, 0x0000000089a00000|100%| O|  |TAMS 0x0000000089a00000, 0x0000000089900000| Untracked 
| 154|0x0000000089a00000, 0x0000000089b00000, 0x0000000089b00000|100%| O|  |TAMS 0x0000000089b00000, 0x0000000089a00000| Untracked 
| 155|0x0000000089b00000, 0x0000000089c00000, 0x0000000089c00000|100%| O|  |TAMS 0x0000000089c00000, 0x0000000089b00000| Untracked 
| 156|0x0000000089c00000, 0x0000000089d00000, 0x0000000089d00000|100%| O|  |TAMS 0x0000000089d00000, 0x0000000089c00000| Untracked 
| 157|0x0000000089d00000, 0x0000000089e00000, 0x0000000089e00000|100%| O|  |TAMS 0x0000000089e00000, 0x0000000089d00000| Untracked 
| 158|0x0000000089e00000, 0x0000000089f00000, 0x0000000089f00000|100%| O|  |TAMS 0x0000000089f00000, 0x0000000089e00000| Untracked 
| 159|0x0000000089f00000, 0x000000008a000000, 0x000000008a000000|100%| O|  |TAMS 0x0000000089f00000, 0x0000000089f00000| Untracked 
| 160|0x000000008a000000, 0x000000008a100000, 0x000000008a100000|100%| O|  |TAMS 0x000000008a000000, 0x000000008a000000| Untracked 
| 161|0x000000008a100000, 0x000000008a200000, 0x000000008a200000|100%| O|  |TAMS 0x000000008a100000, 0x000000008a100000| Untracked 
| 162|0x000000008a200000, 0x000000008a300000, 0x000000008a300000|100%| O|  |TAMS 0x000000008a300000, 0x000000008a200000| Untracked 
| 163|0x000000008a300000, 0x000000008a400000, 0x000000008a400000|100%| O|  |TAMS 0x000000008a400000, 0x000000008a300000| Untracked 
| 164|0x000000008a400000, 0x000000008a500000, 0x000000008a500000|100%| O|  |TAMS 0x000000008a500000, 0x000000008a400000| Untracked 
| 165|0x000000008a500000, 0x000000008a600000, 0x000000008a600000|100%| O|  |TAMS 0x000000008a600000, 0x000000008a500000| Untracked 
| 166|0x000000008a600000, 0x000000008a700000, 0x000000008a700000|100%| O|  |TAMS 0x000000008a700000, 0x000000008a600000| Untracked 
| 167|0x000000008a700000, 0x000000008a800000, 0x000000008a800000|100%| O|  |TAMS 0x000000008a800000, 0x000000008a700000| Untracked 
| 168|0x000000008a800000, 0x000000008a900000, 0x000000008a900000|100%| O|  |TAMS 0x000000008a900000, 0x000000008a800000| Untracked 
| 169|0x000000008a900000, 0x000000008aa00000, 0x000000008aa00000|100%| O|  |TAMS 0x000000008aa00000, 0x000000008a900000| Untracked 
| 170|0x000000008aa00000, 0x000000008ab00000, 0x000000008ab00000|100%| O|  |TAMS 0x000000008ab00000, 0x000000008aa00000| Untracked 
| 171|0x000000008ab00000, 0x000000008ac00000, 0x000000008ac00000|100%| O|  |TAMS 0x000000008ac00000, 0x000000008ab00000| Untracked 
| 172|0x000000008ac00000, 0x000000008ad00000, 0x000000008ad00000|100%| O|  |TAMS 0x000000008ad00000, 0x000000008ac00000| Untracked 
| 173|0x000000008ad00000, 0x000000008ae00000, 0x000000008ae00000|100%| O|  |TAMS 0x000000008ae00000, 0x000000008ad00000| Untracked 
| 174|0x000000008ae00000, 0x000000008af00000, 0x000000008af00000|100%| O|  |TAMS 0x000000008ae00000, 0x000000008ae00000| Untracked 
| 175|0x000000008af00000, 0x000000008b000000, 0x000000008b000000|100%| O|  |TAMS 0x000000008b000000, 0x000000008af00000| Untracked 
| 176|0x000000008b000000, 0x000000008b100000, 0x000000008b100000|100%| O|  |TAMS 0x000000008b000000, 0x000000008b000000| Untracked 
| 177|0x000000008b100000, 0x000000008b200000, 0x000000008b200000|100%| O|  |TAMS 0x000000008b100000, 0x000000008b100000| Untracked 
| 178|0x000000008b200000, 0x000000008b300000, 0x000000008b300000|100%| O|  |TAMS 0x000000008b300000, 0x000000008b200000| Untracked 
| 179|0x000000008b300000, 0x000000008b400000, 0x000000008b400000|100%| O|  |TAMS 0x000000008b400000, 0x000000008b300000| Untracked 
| 180|0x000000008b400000, 0x000000008b500000, 0x000000008b500000|100%| O|  |TAMS 0x000000008b500000, 0x000000008b400000| Untracked 
| 181|0x000000008b500000, 0x000000008b600000, 0x000000008b600000|100%| O|  |TAMS 0x000000008b600000, 0x000000008b500000| Untracked 
| 182|0x000000008b600000, 0x000000008b700000, 0x000000008b700000|100%| O|  |TAMS 0x000000008b600000, 0x000000008b600000| Untracked 
| 183|0x000000008b700000, 0x000000008b800000, 0x000000008b800000|100%| O|  |TAMS 0x000000008b700000, 0x000000008b700000| Untracked 
| 184|0x000000008b800000, 0x000000008b900000, 0x000000008b900000|100%| O|  |TAMS 0x000000008b800000, 0x000000008b800000| Untracked 
| 185|0x000000008b900000, 0x000000008ba00000, 0x000000008ba00000|100%| O|  |TAMS 0x000000008b900000, 0x000000008b900000| Untracked 
| 186|0x000000008ba00000, 0x000000008bb00000, 0x000000008bb00000|100%| O|  |TAMS 0x000000008ba00000, 0x000000008ba00000| Untracked 
| 187|0x000000008bb00000, 0x000000008bc00000, 0x000000008bc00000|100%| O|  |TAMS 0x000000008bb00000, 0x000000008bb00000| Untracked 
| 188|0x000000008bc00000, 0x000000008bd00000, 0x000000008bd00000|100%| O|  |TAMS 0x000000008bc00000, 0x000000008bc00000| Untracked 
| 189|0x000000008bd00000, 0x000000008be00000, 0x000000008be00000|100%| O|  |TAMS 0x000000008be00000, 0x000000008bd00000| Untracked 
| 190|0x000000008be00000, 0x000000008bf00000, 0x000000008bf00000|100%| O|  |TAMS 0x000000008be00000, 0x000000008be00000| Untracked 
| 191|0x000000008bf00000, 0x000000008c000000, 0x000000008c000000|100%| O|  |TAMS 0x000000008c000000, 0x000000008bf00000| Untracked 
| 192|0x000000008c000000, 0x000000008c100000, 0x000000008c100000|100%|HS|  |TAMS 0x000000008c000000, 0x000000008c000000| Complete 
| 193|0x000000008c100000, 0x000000008c200000, 0x000000008c200000|100%|HC|  |TAMS 0x000000008c100000, 0x000000008c100000| Complete 
| 194|0x000000008c200000, 0x000000008c300000, 0x000000008c300000|100%|HC|  |TAMS 0x000000008c200000, 0x000000008c200000| Complete 
| 195|0x000000008c300000, 0x000000008c400000, 0x000000008c400000|100%| O|  |TAMS 0x000000008c300000, 0x000000008c300000| Untracked 
| 196|0x000000008c400000, 0x000000008c500000, 0x000000008c500000|100%| O|  |TAMS 0x000000008c400000, 0x000000008c400000| Untracked 
| 197|0x000000008c500000, 0x000000008c600000, 0x000000008c600000|100%| O|  |TAMS 0x000000008c500000, 0x000000008c500000| Untracked 
| 198|0x000000008c600000, 0x000000008c700000, 0x000000008c700000|100%| O|  |TAMS 0x000000008c600000, 0x000000008c600000| Untracked 
| 199|0x000000008c700000, 0x000000008c800000, 0x000000008c800000|100%|HS|  |TAMS 0x000000008c700000, 0x000000008c700000| Complete 
| 200|0x000000008c800000, 0x000000008c900000, 0x000000008c900000|100%|HC|  |TAMS 0x000000008c800000, 0x000000008c800000| Complete 
| 201|0x000000008c900000, 0x000000008ca00000, 0x000000008ca00000|100%|HC|  |TAMS 0x000000008c900000, 0x000000008c900000| Complete 
| 202|0x000000008ca00000, 0x000000008cb00000, 0x000000008cb00000|100%| O|  |TAMS 0x000000008ca00000, 0x000000008ca00000| Untracked 
| 203|0x000000008cb00000, 0x000000008cc00000, 0x000000008cc00000|100%| O|  |TAMS 0x000000008cb00000, 0x000000008cb00000| Untracked 
| 204|0x000000008cc00000, 0x000000008cd00000, 0x000000008cd00000|100%| O|  |TAMS 0x000000008cc00000, 0x000000008cc00000| Untracked 
| 205|0x000000008cd00000, 0x000000008ce00000, 0x000000008ce00000|100%| O|  |TAMS 0x000000008cd00000, 0x000000008cd00000| Untracked 
| 206|0x000000008ce00000, 0x000000008cf00000, 0x000000008cf00000|100%| O|  |TAMS 0x000000008ce00000, 0x000000008ce00000| Untracked 
| 207|0x000000008cf00000, 0x000000008d000000, 0x000000008d000000|100%| O|  |TAMS 0x000000008cf00000, 0x000000008cf00000| Untracked 
| 208|0x000000008d000000, 0x000000008d100000, 0x000000008d100000|100%| O|  |TAMS 0x000000008d000000, 0x000000008d000000| Untracked 
| 209|0x000000008d100000, 0x000000008d200000, 0x000000008d200000|100%| O|  |TAMS 0x000000008d100000, 0x000000008d100000| Untracked 
| 210|0x000000008d200000, 0x000000008d300000, 0x000000008d300000|100%| O|  |TAMS 0x000000008d200000, 0x000000008d200000| Untracked 
| 211|0x000000008d300000, 0x000000008d400000, 0x000000008d400000|100%| O|  |TAMS 0x000000008d300000, 0x000000008d300000| Untracked 
| 212|0x000000008d400000, 0x000000008d500000, 0x000000008d500000|100%| O|  |TAMS 0x000000008d400000, 0x000000008d400000| Untracked 
| 213|0x000000008d500000, 0x000000008d600000, 0x000000008d600000|100%| O|  |TAMS 0x000000008d600000, 0x000000008d500000| Untracked 
| 214|0x000000008d600000, 0x000000008d700000, 0x000000008d700000|100%| O|  |TAMS 0x000000008d700000, 0x000000008d600000| Untracked 
| 215|0x000000008d700000, 0x000000008d800000, 0x000000008d800000|100%| O|  |TAMS 0x000000008d800000, 0x000000008d700000| Untracked 
| 216|0x000000008d800000, 0x000000008d900000, 0x000000008d900000|100%| O|  |TAMS 0x000000008d800000, 0x000000008d800000| Untracked 
| 217|0x000000008d900000, 0x000000008d9ebe00, 0x000000008da00000| 92%| O|  |TAMS 0x000000008d900000, 0x000000008d900000| Untracked 
| 218|0x000000008da00000, 0x000000008db00000, 0x000000008db00000|100%|HS|  |TAMS 0x000000008da00000, 0x000000008da00000| Complete 
| 219|0x000000008db00000, 0x000000008dc00000, 0x000000008dc00000|100%|HS|  |TAMS 0x000000008db00000, 0x000000008db00000| Complete 
| 220|0x000000008dc00000, 0x000000008dc00000, 0x000000008dd00000|  0%| F|  |TAMS 0x000000008dc00000, 0x000000008dc00000| Untracked 
| 221|0x000000008dd00000, 0x000000008de00000, 0x000000008de00000|100%| O|  |TAMS 0x000000008de00000, 0x000000008dd00000| Untracked 
| 222|0x000000008de00000, 0x000000008de00000, 0x000000008df00000|  0%| F|  |TAMS 0x000000008de00000, 0x000000008de00000| Untracked 
| 223|0x000000008df00000, 0x000000008df00000, 0x000000008e000000|  0%| F|  |TAMS 0x000000008df00000, 0x000000008df00000| Untracked 
| 224|0x000000008e000000, 0x000000008e000000, 0x000000008e100000|  0%| F|  |TAMS 0x000000008e000000, 0x000000008e000000| Untracked 
| 225|0x000000008e100000, 0x000000008e100000, 0x000000008e200000|  0%| F|  |TAMS 0x000000008e100000, 0x000000008e100000| Untracked 
| 226|0x000000008e200000, 0x000000008e200000, 0x000000008e300000|  0%| F|  |TAMS 0x000000008e200000, 0x000000008e200000| Untracked 
| 227|0x000000008e300000, 0x000000008e300000, 0x000000008e400000|  0%| F|  |TAMS 0x000000008e300000, 0x000000008e300000| Untracked 
| 228|0x000000008e400000, 0x000000008e400000, 0x000000008e500000|  0%| F|  |TAMS 0x000000008e400000, 0x000000008e400000| Untracked 
| 229|0x000000008e500000, 0x000000008e500000, 0x000000008e600000|  0%| F|  |TAMS 0x000000008e500000, 0x000000008e500000| Untracked 
| 230|0x000000008e600000, 0x000000008e600000, 0x000000008e700000|  0%| F|  |TAMS 0x000000008e600000, 0x000000008e600000| Untracked 
| 231|0x000000008e700000, 0x000000008e700000, 0x000000008e800000|  0%| F|  |TAMS 0x000000008e700000, 0x000000008e700000| Untracked 
| 232|0x000000008e800000, 0x000000008e800000, 0x000000008e900000|  0%| F|  |TAMS 0x000000008e800000, 0x000000008e800000| Untracked 
| 233|0x000000008e900000, 0x000000008ea00000, 0x000000008ea00000|100%| O|  |TAMS 0x000000008ea00000, 0x000000008e900000| Untracked 
| 234|0x000000008ea00000, 0x000000008ea00000, 0x000000008eb00000|  0%| F|  |TAMS 0x000000008ea00000, 0x000000008ea00000| Untracked 
| 235|0x000000008eb00000, 0x000000008eb00000, 0x000000008ec00000|  0%| F|  |TAMS 0x000000008eb00000, 0x000000008eb00000| Untracked 
| 236|0x000000008ec00000, 0x000000008ec00000, 0x000000008ed00000|  0%| F|  |TAMS 0x000000008ec00000, 0x000000008ec00000| Untracked 
| 237|0x000000008ed00000, 0x000000008ed00000, 0x000000008ee00000|  0%| F|  |TAMS 0x000000008ed00000, 0x000000008ed00000| Untracked 
| 238|0x000000008ee00000, 0x000000008ee00000, 0x000000008ef00000|  0%| F|  |TAMS 0x000000008ee00000, 0x000000008ee00000| Untracked 
| 239|0x000000008ef00000, 0x000000008ef00000, 0x000000008f000000|  0%| F|  |TAMS 0x000000008ef00000, 0x000000008ef00000| Untracked 
| 240|0x000000008f000000, 0x000000008f000000, 0x000000008f100000|  0%| F|  |TAMS 0x000000008f000000, 0x000000008f000000| Untracked 
| 241|0x000000008f100000, 0x000000008f100000, 0x000000008f200000|  0%| F|  |TAMS 0x000000008f100000, 0x000000008f100000| Untracked 
| 242|0x000000008f200000, 0x000000008f200000, 0x000000008f300000|  0%| F|  |TAMS 0x000000008f200000, 0x000000008f200000| Untracked 
| 243|0x000000008f300000, 0x000000008f300000, 0x000000008f400000|  0%| F|  |TAMS 0x000000008f300000, 0x000000008f300000| Untracked 
| 244|0x000000008f400000, 0x000000008f400000, 0x000000008f500000|  0%| F|  |TAMS 0x000000008f400000, 0x000000008f400000| Untracked 
| 245|0x000000008f500000, 0x000000008f600000, 0x000000008f600000|100%| O|  |TAMS 0x000000008f600000, 0x000000008f500000| Untracked 
| 246|0x000000008f600000, 0x000000008f600000, 0x000000008f700000|  0%| F|  |TAMS 0x000000008f600000, 0x000000008f600000| Untracked 
| 247|0x000000008f700000, 0x000000008f700000, 0x000000008f800000|  0%| F|  |TAMS 0x000000008f700000, 0x000000008f700000| Untracked 
| 248|0x000000008f800000, 0x000000008f800000, 0x000000008f900000|  0%| F|  |TAMS 0x000000008f800000, 0x000000008f800000| Untracked 
| 249|0x000000008f900000, 0x000000008f900000, 0x000000008fa00000|  0%| F|  |TAMS 0x000000008f900000, 0x000000008f900000| Untracked 
| 250|0x000000008fa00000, 0x000000008fa00000, 0x000000008fb00000|  0%| F|  |TAMS 0x000000008fa00000, 0x000000008fa00000| Untracked 
| 251|0x000000008fb00000, 0x000000008fb00000, 0x000000008fc00000|  0%| F|  |TAMS 0x000000008fb00000, 0x000000008fb00000| Untracked 
| 252|0x000000008fc00000, 0x000000008fc00000, 0x000000008fd00000|  0%| F|  |TAMS 0x000000008fc00000, 0x000000008fc00000| Untracked 
| 253|0x000000008fd00000, 0x000000008fd00000, 0x000000008fe00000|  0%| F|  |TAMS 0x000000008fd00000, 0x000000008fd00000| Untracked 
| 254|0x000000008fe00000, 0x000000008ff00000, 0x000000008ff00000|100%| O|  |TAMS 0x000000008ff00000, 0x000000008fe00000| Untracked 
| 255|0x000000008ff00000, 0x0000000090000000, 0x0000000090000000|100%| O|  |TAMS 0x0000000090000000, 0x000000008ff00000| Untracked 
| 256|0x0000000090000000, 0x0000000090100000, 0x0000000090100000|100%| O|  |TAMS 0x0000000090100000, 0x0000000090000000| Untracked 
| 257|0x0000000090100000, 0x0000000090200000, 0x0000000090200000|100%| O|  |TAMS 0x0000000090200000, 0x0000000090100000| Untracked 
| 258|0x0000000090200000, 0x0000000090200000, 0x0000000090300000|  0%| F|  |TAMS 0x0000000090200000, 0x0000000090200000| Untracked 
| 259|0x0000000090300000, 0x0000000090300000, 0x0000000090400000|  0%| F|  |TAMS 0x0000000090300000, 0x0000000090300000| Untracked 
| 260|0x0000000090400000, 0x0000000090400000, 0x0000000090500000|  0%| F|  |TAMS 0x0000000090400000, 0x0000000090400000| Untracked 
| 261|0x0000000090500000, 0x0000000090500000, 0x0000000090600000|  0%| F|  |TAMS 0x0000000090500000, 0x0000000090500000| Untracked 
| 262|0x0000000090600000, 0x0000000090600000, 0x0000000090700000|  0%| F|  |TAMS 0x0000000090600000, 0x0000000090600000| Untracked 
| 263|0x0000000090700000, 0x0000000090700000, 0x0000000090800000|  0%| F|  |TAMS 0x0000000090700000, 0x0000000090700000| Untracked 
| 264|0x0000000090800000, 0x0000000090800000, 0x0000000090900000|  0%| F|  |TAMS 0x0000000090800000, 0x0000000090800000| Untracked 
| 265|0x0000000090900000, 0x0000000090900000, 0x0000000090a00000|  0%| F|  |TAMS 0x0000000090900000, 0x0000000090900000| Untracked 
| 266|0x0000000090a00000, 0x0000000090a00000, 0x0000000090b00000|  0%| F|  |TAMS 0x0000000090a00000, 0x0000000090a00000| Untracked 
| 267|0x0000000090b00000, 0x0000000090b00000, 0x0000000090c00000|  0%| F|  |TAMS 0x0000000090b00000, 0x0000000090b00000| Untracked 
| 268|0x0000000090c00000, 0x0000000090c00000, 0x0000000090d00000|  0%| F|  |TAMS 0x0000000090c00000, 0x0000000090c00000| Untracked 
| 269|0x0000000090d00000, 0x0000000090d00000, 0x0000000090e00000|  0%| F|  |TAMS 0x0000000090d00000, 0x0000000090d00000| Untracked 
| 270|0x0000000090e00000, 0x0000000090e00000, 0x0000000090f00000|  0%| F|  |TAMS 0x0000000090e00000, 0x0000000090e00000| Untracked 
| 271|0x0000000090f00000, 0x0000000090f00000, 0x0000000091000000|  0%| F|  |TAMS 0x0000000090f00000, 0x0000000090f00000| Untracked 
| 272|0x0000000091000000, 0x0000000091000000, 0x0000000091100000|  0%| F|  |TAMS 0x0000000091000000, 0x0000000091000000| Untracked 
| 273|0x0000000091100000, 0x0000000091100000, 0x0000000091200000|  0%| F|  |TAMS 0x0000000091100000, 0x0000000091100000| Untracked 
| 274|0x0000000091200000, 0x0000000091300000, 0x0000000091300000|100%| O|  |TAMS 0x0000000091300000, 0x0000000091200000| Untracked 
| 275|0x0000000091300000, 0x0000000091400000, 0x0000000091400000|100%| O|  |TAMS 0x0000000091400000, 0x0000000091300000| Untracked 
| 276|0x0000000091400000, 0x0000000091400000, 0x0000000091500000|  0%| F|  |TAMS 0x0000000091400000, 0x0000000091400000| Untracked 
| 277|0x0000000091500000, 0x0000000091500000, 0x0000000091600000|  0%| F|  |TAMS 0x0000000091500000, 0x0000000091500000| Untracked 
| 278|0x0000000091600000, 0x0000000091600000, 0x0000000091700000|  0%| F|  |TAMS 0x0000000091600000, 0x0000000091600000| Untracked 
| 279|0x0000000091700000, 0x0000000091800000, 0x0000000091800000|100%| O|  |TAMS 0x0000000091800000, 0x0000000091700000| Untracked 
| 280|0x0000000091800000, 0x0000000091800000, 0x0000000091900000|  0%| F|  |TAMS 0x0000000091800000, 0x0000000091800000| Untracked 
| 281|0x0000000091900000, 0x0000000091900000, 0x0000000091a00000|  0%| F|  |TAMS 0x0000000091900000, 0x0000000091900000| Untracked 
| 282|0x0000000091a00000, 0x0000000091a00000, 0x0000000091b00000|  0%| F|  |TAMS 0x0000000091a00000, 0x0000000091a00000| Untracked 
| 283|0x0000000091b00000, 0x0000000091b00000, 0x0000000091c00000|  0%| F|  |TAMS 0x0000000091b00000, 0x0000000091b00000| Untracked 
| 284|0x0000000091c00000, 0x0000000091c00000, 0x0000000091d00000|  0%| F|  |TAMS 0x0000000091c00000, 0x0000000091c00000| Untracked 
| 285|0x0000000091d00000, 0x0000000091d00000, 0x0000000091e00000|  0%| F|  |TAMS 0x0000000091d00000, 0x0000000091d00000| Untracked 
| 286|0x0000000091e00000, 0x0000000091e00000, 0x0000000091f00000|  0%| F|  |TAMS 0x0000000091e00000, 0x0000000091e00000| Untracked 
| 287|0x0000000091f00000, 0x0000000091f00000, 0x0000000092000000|  0%| F|  |TAMS 0x0000000091f00000, 0x0000000091f00000| Untracked 
| 288|0x0000000092000000, 0x0000000092000000, 0x0000000092100000|  0%| F|  |TAMS 0x0000000092000000, 0x0000000092000000| Untracked 
| 289|0x0000000092100000, 0x0000000092100000, 0x0000000092200000|  0%| F|  |TAMS 0x0000000092100000, 0x0000000092100000| Untracked 
| 290|0x0000000092200000, 0x0000000092200000, 0x0000000092300000|  0%| F|  |TAMS 0x0000000092200000, 0x0000000092200000| Untracked 
| 291|0x0000000092300000, 0x0000000092300000, 0x0000000092400000|  0%| F|  |TAMS 0x0000000092300000, 0x0000000092300000| Untracked 
| 292|0x0000000092400000, 0x0000000092500000, 0x0000000092500000|100%| O|  |TAMS 0x0000000092500000, 0x0000000092400000| Untracked 
| 293|0x0000000092500000, 0x0000000092600000, 0x0000000092600000|100%| O|  |TAMS 0x0000000092600000, 0x0000000092500000| Untracked 
| 294|0x0000000092600000, 0x0000000092600000, 0x0000000092700000|  0%| F|  |TAMS 0x0000000092600000, 0x0000000092600000| Untracked 
| 295|0x0000000092700000, 0x0000000092700000, 0x0000000092800000|  0%| F|  |TAMS 0x0000000092700000, 0x0000000092700000| Untracked 
| 296|0x0000000092800000, 0x0000000092800000, 0x0000000092900000|  0%| F|  |TAMS 0x0000000092800000, 0x0000000092800000| Untracked 
| 297|0x0000000092900000, 0x0000000092900000, 0x0000000092a00000|  0%| F|  |TAMS 0x0000000092900000, 0x0000000092900000| Untracked 
| 298|0x0000000092a00000, 0x0000000092a00000, 0x0000000092b00000|  0%| F|  |TAMS 0x0000000092a00000, 0x0000000092a00000| Untracked 
| 299|0x0000000092b00000, 0x0000000092b00000, 0x0000000092c00000|  0%| F|  |TAMS 0x0000000092b00000, 0x0000000092b00000| Untracked 
| 300|0x0000000092c00000, 0x0000000092d00000, 0x0000000092d00000|100%| O|  |TAMS 0x0000000092d00000, 0x0000000092c00000| Untracked 
| 301|0x0000000092d00000, 0x0000000092e00000, 0x0000000092e00000|100%| O|  |TAMS 0x0000000092e00000, 0x0000000092d00000| Untracked 
| 302|0x0000000092e00000, 0x0000000092f00000, 0x0000000092f00000|100%| O|  |TAMS 0x0000000092f00000, 0x0000000092e00000| Untracked 
| 303|0x0000000092f00000, 0x0000000093000000, 0x0000000093000000|100%| O|  |TAMS 0x0000000093000000, 0x0000000092f00000| Untracked 
| 304|0x0000000093000000, 0x0000000093100000, 0x0000000093100000|100%| O|  |TAMS 0x0000000093100000, 0x0000000093000000| Untracked 
| 305|0x0000000093100000, 0x0000000093200000, 0x0000000093200000|100%| O|  |TAMS 0x0000000093200000, 0x0000000093100000| Untracked 
| 306|0x0000000093200000, 0x0000000093300000, 0x0000000093300000|100%| O|  |TAMS 0x0000000093300000, 0x0000000093200000| Untracked 
| 307|0x0000000093300000, 0x0000000093400000, 0x0000000093400000|100%| O|  |TAMS 0x0000000093400000, 0x0000000093300000| Untracked 
| 308|0x0000000093400000, 0x0000000093500000, 0x0000000093500000|100%| O|  |TAMS 0x0000000093500000, 0x0000000093400000| Untracked 
| 309|0x0000000093500000, 0x0000000093600000, 0x0000000093600000|100%| O|  |TAMS 0x0000000093600000, 0x0000000093500000| Untracked 
| 310|0x0000000093600000, 0x0000000093700000, 0x0000000093700000|100%| O|  |TAMS 0x0000000093700000, 0x0000000093600000| Untracked 
| 311|0x0000000093700000, 0x0000000093800000, 0x0000000093800000|100%| O|  |TAMS 0x0000000093800000, 0x0000000093700000| Untracked 
| 312|0x0000000093800000, 0x0000000093900000, 0x0000000093900000|100%| O|  |TAMS 0x0000000093900000, 0x0000000093800000| Untracked 
| 313|0x0000000093900000, 0x0000000093a00000, 0x0000000093a00000|100%| O|  |TAMS 0x0000000093a00000, 0x0000000093900000| Untracked 
| 314|0x0000000093a00000, 0x0000000093b00000, 0x0000000093b00000|100%| O|  |TAMS 0x0000000093b00000, 0x0000000093a00000| Untracked 
| 315|0x0000000093b00000, 0x0000000093b00000, 0x0000000093c00000|  0%| F|  |TAMS 0x0000000093b00000, 0x0000000093b00000| Untracked 
| 316|0x0000000093c00000, 0x0000000093d00000, 0x0000000093d00000|100%| O|  |TAMS 0x0000000093d00000, 0x0000000093c00000| Untracked 
| 317|0x0000000093d00000, 0x0000000093e00000, 0x0000000093e00000|100%| O|  |TAMS 0x0000000093e00000, 0x0000000093d00000| Untracked 
| 318|0x0000000093e00000, 0x0000000093f00000, 0x0000000093f00000|100%| O|  |TAMS 0x0000000093f00000, 0x0000000093e00000| Untracked 
| 319|0x0000000093f00000, 0x0000000094000000, 0x0000000094000000|100%| O|  |TAMS 0x0000000094000000, 0x0000000093f00000| Untracked 
| 320|0x0000000094000000, 0x0000000094100000, 0x0000000094100000|100%| O|  |TAMS 0x0000000094100000, 0x0000000094000000| Untracked 
| 321|0x0000000094100000, 0x0000000094200000, 0x0000000094200000|100%| O|  |TAMS 0x0000000094200000, 0x0000000094100000| Untracked 
| 322|0x0000000094200000, 0x0000000094300000, 0x0000000094300000|100%| O|  |TAMS 0x0000000094300000, 0x0000000094200000| Untracked 
| 323|0x0000000094300000, 0x0000000094300000, 0x0000000094400000|  0%| F|  |TAMS 0x0000000094300000, 0x0000000094300000| Untracked 
| 324|0x0000000094400000, 0x0000000094500000, 0x0000000094500000|100%| O|  |TAMS 0x0000000094500000, 0x0000000094400000| Untracked 
| 325|0x0000000094500000, 0x0000000094600000, 0x0000000094600000|100%| O|  |TAMS 0x0000000094600000, 0x0000000094500000| Untracked 
| 326|0x0000000094600000, 0x0000000094700000, 0x0000000094700000|100%| O|  |TAMS 0x0000000094700000, 0x0000000094600000| Untracked 
| 327|0x0000000094700000, 0x0000000094700000, 0x0000000094800000|  0%| F|  |TAMS 0x0000000094700000, 0x0000000094700000| Untracked 
| 328|0x0000000094800000, 0x0000000094900000, 0x0000000094900000|100%| O|  |TAMS 0x0000000094900000, 0x0000000094800000| Untracked 
| 329|0x0000000094900000, 0x0000000094a00000, 0x0000000094a00000|100%| O|  |TAMS 0x0000000094a00000, 0x0000000094900000| Untracked 
| 330|0x0000000094a00000, 0x0000000094b00000, 0x0000000094b00000|100%| O|  |TAMS 0x0000000094b00000, 0x0000000094a00000| Untracked 
| 331|0x0000000094b00000, 0x0000000094c00000, 0x0000000094c00000|100%| O|  |TAMS 0x0000000094c00000, 0x0000000094b00000| Untracked 
| 332|0x0000000094c00000, 0x0000000094d00000, 0x0000000094d00000|100%| O|  |TAMS 0x0000000094d00000, 0x0000000094c00000| Untracked 
| 333|0x0000000094d00000, 0x0000000094e00000, 0x0000000094e00000|100%| O|  |TAMS 0x0000000094e00000, 0x0000000094d00000| Untracked 
| 334|0x0000000094e00000, 0x0000000094f00000, 0x0000000094f00000|100%| O|  |TAMS 0x0000000094f00000, 0x0000000094e00000| Untracked 
| 335|0x0000000094f00000, 0x0000000095000000, 0x0000000095000000|100%| O|  |TAMS 0x0000000095000000, 0x0000000094f00000| Untracked 
| 336|0x0000000095000000, 0x0000000095100000, 0x0000000095100000|100%| O|  |TAMS 0x0000000095100000, 0x0000000095000000| Untracked 
| 337|0x0000000095100000, 0x0000000095200000, 0x0000000095200000|100%| O|  |TAMS 0x0000000095200000, 0x0000000095100000| Untracked 
| 338|0x0000000095200000, 0x0000000095300000, 0x0000000095300000|100%| O|  |TAMS 0x0000000095300000, 0x0000000095200000| Untracked 
| 339|0x0000000095300000, 0x0000000095400000, 0x0000000095400000|100%| O|  |TAMS 0x0000000095400000, 0x0000000095300000| Untracked 
| 340|0x0000000095400000, 0x0000000095500000, 0x0000000095500000|100%| O|  |TAMS 0x0000000095500000, 0x0000000095400000| Untracked 
| 341|0x0000000095500000, 0x0000000095600000, 0x0000000095600000|100%| O|  |TAMS 0x0000000095600000, 0x0000000095500000| Untracked 
| 342|0x0000000095600000, 0x0000000095700000, 0x0000000095700000|100%| O|  |TAMS 0x0000000095700000, 0x0000000095600000| Untracked 
| 343|0x0000000095700000, 0x0000000095800000, 0x0000000095800000|100%| O|  |TAMS 0x0000000095800000, 0x0000000095700000| Untracked 
| 344|0x0000000095800000, 0x0000000095900000, 0x0000000095900000|100%| O|  |TAMS 0x0000000095900000, 0x0000000095800000| Untracked 
| 345|0x0000000095900000, 0x0000000095a00000, 0x0000000095a00000|100%| O|  |TAMS 0x0000000095a00000, 0x0000000095900000| Untracked 
| 346|0x0000000095a00000, 0x0000000095a00000, 0x0000000095b00000|  0%| F|  |TAMS 0x0000000095a00000, 0x0000000095a00000| Untracked 
| 347|0x0000000095b00000, 0x0000000095b00000, 0x0000000095c00000|  0%| F|  |TAMS 0x0000000095b00000, 0x0000000095b00000| Untracked 
| 348|0x0000000095c00000, 0x0000000095d00000, 0x0000000095d00000|100%| O|  |TAMS 0x0000000095d00000, 0x0000000095c00000| Untracked 
| 349|0x0000000095d00000, 0x0000000095e00000, 0x0000000095e00000|100%| O|  |TAMS 0x0000000095e00000, 0x0000000095d00000| Untracked 
| 350|0x0000000095e00000, 0x0000000095f00000, 0x0000000095f00000|100%| O|  |TAMS 0x0000000095f00000, 0x0000000095e00000| Untracked 
| 351|0x0000000095f00000, 0x0000000096000000, 0x0000000096000000|100%| O|  |TAMS 0x0000000096000000, 0x0000000095f00000| Untracked 
| 352|0x0000000096000000, 0x0000000096100000, 0x0000000096100000|100%| O|  |TAMS 0x0000000096100000, 0x0000000096000000| Untracked 
| 353|0x0000000096100000, 0x0000000096200000, 0x0000000096200000|100%| O|  |TAMS 0x0000000096200000, 0x0000000096100000| Untracked 
| 354|0x0000000096200000, 0x0000000096300000, 0x0000000096300000|100%| O|  |TAMS 0x0000000096300000, 0x0000000096200000| Untracked 
| 355|0x0000000096300000, 0x0000000096400000, 0x0000000096400000|100%| O|  |TAMS 0x0000000096400000, 0x0000000096300000| Untracked 
| 356|0x0000000096400000, 0x0000000096500000, 0x0000000096500000|100%| O|  |TAMS 0x0000000096500000, 0x0000000096400000| Untracked 
| 357|0x0000000096500000, 0x0000000096600000, 0x0000000096600000|100%| O|  |TAMS 0x0000000096600000, 0x0000000096500000| Untracked 
| 358|0x0000000096600000, 0x0000000096700000, 0x0000000096700000|100%| O|  |TAMS 0x0000000096700000, 0x0000000096600000| Untracked 
| 359|0x0000000096700000, 0x0000000096800000, 0x0000000096800000|100%| O|  |TAMS 0x0000000096800000, 0x0000000096700000| Untracked 
| 360|0x0000000096800000, 0x0000000096900000, 0x0000000096900000|100%| O|  |TAMS 0x0000000096900000, 0x0000000096800000| Untracked 
| 361|0x0000000096900000, 0x0000000096a00000, 0x0000000096a00000|100%| O|  |TAMS 0x0000000096a00000, 0x0000000096900000| Untracked 
| 362|0x0000000096a00000, 0x0000000096b00000, 0x0000000096b00000|100%| O|  |TAMS 0x0000000096b00000, 0x0000000096a00000| Untracked 
| 363|0x0000000096b00000, 0x0000000096c00000, 0x0000000096c00000|100%| O|  |TAMS 0x0000000096c00000, 0x0000000096b00000| Untracked 
| 364|0x0000000096c00000, 0x0000000096c00000, 0x0000000096d00000|  0%| F|  |TAMS 0x0000000096c00000, 0x0000000096c00000| Untracked 
| 365|0x0000000096d00000, 0x0000000096e00000, 0x0000000096e00000|100%| O|  |TAMS 0x0000000096e00000, 0x0000000096d00000| Untracked 
| 366|0x0000000096e00000, 0x0000000096f00000, 0x0000000096f00000|100%| O|  |TAMS 0x0000000096f00000, 0x0000000096e00000| Untracked 
| 367|0x0000000096f00000, 0x0000000097000000, 0x0000000097000000|100%| O|  |TAMS 0x0000000097000000, 0x0000000096f00000| Untracked 
| 368|0x0000000097000000, 0x0000000097100000, 0x0000000097100000|100%| O|  |TAMS 0x0000000097100000, 0x0000000097000000| Untracked 
| 369|0x0000000097100000, 0x0000000097200000, 0x0000000097200000|100%| O|  |TAMS 0x0000000097200000, 0x0000000097100000| Untracked 
| 370|0x0000000097200000, 0x0000000097300000, 0x0000000097300000|100%| O|  |TAMS 0x0000000097300000, 0x0000000097200000| Untracked 
| 371|0x0000000097300000, 0x0000000097400000, 0x0000000097400000|100%| O|  |TAMS 0x0000000097400000, 0x0000000097300000| Untracked 
| 372|0x0000000097400000, 0x0000000097500000, 0x0000000097500000|100%| O|  |TAMS 0x0000000097500000, 0x0000000097400000| Untracked 
| 373|0x0000000097500000, 0x0000000097600000, 0x0000000097600000|100%| O|  |TAMS 0x0000000097600000, 0x0000000097500000| Untracked 
| 374|0x0000000097600000, 0x0000000097700000, 0x0000000097700000|100%| O|  |TAMS 0x0000000097700000, 0x0000000097600000| Untracked 
| 375|0x0000000097700000, 0x0000000097800000, 0x0000000097800000|100%| O|  |TAMS 0x0000000097800000, 0x0000000097700000| Untracked 
| 376|0x0000000097800000, 0x0000000097800000, 0x0000000097900000|  0%| F|  |TAMS 0x0000000097800000, 0x0000000097800000| Untracked 
| 377|0x0000000097900000, 0x0000000097900000, 0x0000000097a00000|  0%| F|  |TAMS 0x0000000097900000, 0x0000000097900000| Untracked 
| 378|0x0000000097a00000, 0x0000000097a00000, 0x0000000097b00000|  0%| F|  |TAMS 0x0000000097a00000, 0x0000000097a00000| Untracked 
| 379|0x0000000097b00000, 0x0000000097c00000, 0x0000000097c00000|100%| O|  |TAMS 0x0000000097c00000, 0x0000000097b00000| Untracked 
| 380|0x0000000097c00000, 0x0000000097d00000, 0x0000000097d00000|100%| O|  |TAMS 0x0000000097d00000, 0x0000000097c00000| Untracked 
| 381|0x0000000097d00000, 0x0000000097e00000, 0x0000000097e00000|100%| O|  |TAMS 0x0000000097e00000, 0x0000000097d00000| Untracked 
| 382|0x0000000097e00000, 0x0000000097f00000, 0x0000000097f00000|100%| O|  |TAMS 0x0000000097f00000, 0x0000000097e00000| Untracked 
| 383|0x0000000097f00000, 0x0000000098000000, 0x0000000098000000|100%| O|  |TAMS 0x0000000098000000, 0x0000000097f00000| Untracked 
| 384|0x0000000098000000, 0x0000000098100000, 0x0000000098100000|100%| O|  |TAMS 0x0000000098100000, 0x0000000098000000| Untracked 
| 385|0x0000000098100000, 0x0000000098200000, 0x0000000098200000|100%| O|  |TAMS 0x0000000098200000, 0x0000000098100000| Untracked 
| 386|0x0000000098200000, 0x0000000098300000, 0x0000000098300000|100%| O|  |TAMS 0x0000000098300000, 0x0000000098200000| Untracked 
| 387|0x0000000098300000, 0x0000000098400000, 0x0000000098400000|100%| O|  |TAMS 0x0000000098400000, 0x0000000098300000| Untracked 
| 388|0x0000000098400000, 0x0000000098500000, 0x0000000098500000|100%| O|  |TAMS 0x0000000098500000, 0x0000000098400000| Untracked 
| 389|0x0000000098500000, 0x0000000098600000, 0x0000000098600000|100%| O|  |TAMS 0x0000000098600000, 0x0000000098500000| Untracked 
| 390|0x0000000098600000, 0x0000000098600000, 0x0000000098700000|  0%| F|  |TAMS 0x0000000098600000, 0x0000000098600000| Untracked 
| 391|0x0000000098700000, 0x0000000098800000, 0x0000000098800000|100%| O|  |TAMS 0x0000000098800000, 0x0000000098700000| Untracked 
| 392|0x0000000098800000, 0x0000000098900000, 0x0000000098900000|100%| O|  |TAMS 0x0000000098900000, 0x0000000098800000| Untracked 
| 393|0x0000000098900000, 0x0000000098a00000, 0x0000000098a00000|100%| O|  |TAMS 0x0000000098a00000, 0x0000000098900000| Untracked 
| 394|0x0000000098a00000, 0x0000000098b00000, 0x0000000098b00000|100%| O|  |TAMS 0x0000000098b00000, 0x0000000098a00000| Untracked 
| 395|0x0000000098b00000, 0x0000000098c00000, 0x0000000098c00000|100%| O|  |TAMS 0x0000000098c00000, 0x0000000098b00000| Untracked 
| 396|0x0000000098c00000, 0x0000000098d00000, 0x0000000098d00000|100%| O|  |TAMS 0x0000000098d00000, 0x0000000098c00000| Untracked 
| 397|0x0000000098d00000, 0x0000000098e00000, 0x0000000098e00000|100%| O|  |TAMS 0x0000000098e00000, 0x0000000098d00000| Untracked 
| 398|0x0000000098e00000, 0x0000000098f00000, 0x0000000098f00000|100%| O|  |TAMS 0x0000000098f00000, 0x0000000098e00000| Untracked 
| 399|0x0000000098f00000, 0x0000000099000000, 0x0000000099000000|100%| O|  |TAMS 0x0000000099000000, 0x0000000098f00000| Untracked 
| 400|0x0000000099000000, 0x0000000099100000, 0x0000000099100000|100%| O|  |TAMS 0x0000000099100000, 0x0000000099000000| Untracked 
| 401|0x0000000099100000, 0x0000000099200000, 0x0000000099200000|100%| O|  |TAMS 0x0000000099200000, 0x0000000099100000| Untracked 
| 402|0x0000000099200000, 0x0000000099300000, 0x0000000099300000|100%| O|  |TAMS 0x0000000099300000, 0x0000000099200000| Untracked 
| 403|0x0000000099300000, 0x0000000099400000, 0x0000000099400000|100%| O|  |TAMS 0x0000000099400000, 0x0000000099300000| Untracked 
| 404|0x0000000099400000, 0x0000000099500000, 0x0000000099500000|100%| O|  |TAMS 0x0000000099500000, 0x0000000099400000| Untracked 
| 405|0x0000000099500000, 0x0000000099600000, 0x0000000099600000|100%| O|  |TAMS 0x0000000099600000, 0x0000000099500000| Untracked 
| 406|0x0000000099600000, 0x0000000099700000, 0x0000000099700000|100%| O|  |TAMS 0x0000000099700000, 0x0000000099600000| Untracked 
| 407|0x0000000099700000, 0x0000000099800000, 0x0000000099800000|100%| O|  |TAMS 0x0000000099800000, 0x0000000099700000| Untracked 
| 408|0x0000000099800000, 0x0000000099900000, 0x0000000099900000|100%| O|  |TAMS 0x0000000099900000, 0x0000000099800000| Untracked 
| 409|0x0000000099900000, 0x0000000099a00000, 0x0000000099a00000|100%| O|  |TAMS 0x0000000099a00000, 0x0000000099900000| Untracked 
| 410|0x0000000099a00000, 0x0000000099b00000, 0x0000000099b00000|100%| O|  |TAMS 0x0000000099b00000, 0x0000000099a00000| Untracked 
| 411|0x0000000099b00000, 0x0000000099c00000, 0x0000000099c00000|100%| O|  |TAMS 0x0000000099c00000, 0x0000000099b00000| Untracked 
| 412|0x0000000099c00000, 0x0000000099d00000, 0x0000000099d00000|100%| O|  |TAMS 0x0000000099d00000, 0x0000000099c00000| Untracked 
| 413|0x0000000099d00000, 0x0000000099e00000, 0x0000000099e00000|100%| O|  |TAMS 0x0000000099e00000, 0x0000000099d00000| Untracked 
| 414|0x0000000099e00000, 0x0000000099e00000, 0x0000000099f00000|  0%| F|  |TAMS 0x0000000099e00000, 0x0000000099e00000| Untracked 
| 415|0x0000000099f00000, 0x000000009a000000, 0x000000009a000000|100%| O|  |TAMS 0x000000009a000000, 0x0000000099f00000| Untracked 
| 416|0x000000009a000000, 0x000000009a100000, 0x000000009a100000|100%| O|  |TAMS 0x000000009a100000, 0x000000009a000000| Untracked 
| 417|0x000000009a100000, 0x000000009a200000, 0x000000009a200000|100%| O|  |TAMS 0x000000009a200000, 0x000000009a100000| Untracked 
| 418|0x000000009a200000, 0x000000009a300000, 0x000000009a300000|100%| O|  |TAMS 0x000000009a300000, 0x000000009a200000| Untracked 
| 419|0x000000009a300000, 0x000000009a400000, 0x000000009a400000|100%| O|  |TAMS 0x000000009a400000, 0x000000009a300000| Untracked 
| 420|0x000000009a400000, 0x000000009a500000, 0x000000009a500000|100%| O|  |TAMS 0x000000009a500000, 0x000000009a400000| Untracked 
| 421|0x000000009a500000, 0x000000009a600000, 0x000000009a600000|100%| O|  |TAMS 0x000000009a600000, 0x000000009a500000| Untracked 
| 422|0x000000009a600000, 0x000000009a700000, 0x000000009a700000|100%| O|  |TAMS 0x000000009a700000, 0x000000009a600000| Untracked 
| 423|0x000000009a700000, 0x000000009a800000, 0x000000009a800000|100%| O|  |TAMS 0x000000009a800000, 0x000000009a700000| Untracked 
| 424|0x000000009a800000, 0x000000009a900000, 0x000000009a900000|100%| O|  |TAMS 0x000000009a900000, 0x000000009a800000| Untracked 
| 425|0x000000009a900000, 0x000000009aa00000, 0x000000009aa00000|100%| O|  |TAMS 0x000000009aa00000, 0x000000009a900000| Untracked 
| 426|0x000000009aa00000, 0x000000009ab00000, 0x000000009ab00000|100%| O|  |TAMS 0x000000009ab00000, 0x000000009aa00000| Untracked 
| 427|0x000000009ab00000, 0x000000009ac00000, 0x000000009ac00000|100%| O|  |TAMS 0x000000009ac00000, 0x000000009ab00000| Untracked 
| 428|0x000000009ac00000, 0x000000009ac00000, 0x000000009ad00000|  0%| F|  |TAMS 0x000000009ac00000, 0x000000009ac00000| Untracked 
| 429|0x000000009ad00000, 0x000000009ad00000, 0x000000009ae00000|  0%| F|  |TAMS 0x000000009ad00000, 0x000000009ad00000| Untracked 
| 430|0x000000009ae00000, 0x000000009ae00000, 0x000000009af00000|  0%| F|  |TAMS 0x000000009ae00000, 0x000000009ae00000| Untracked 
| 431|0x000000009af00000, 0x000000009af00000, 0x000000009b000000|  0%| F|  |TAMS 0x000000009af00000, 0x000000009af00000| Untracked 
| 432|0x000000009b000000, 0x000000009b100000, 0x000000009b100000|100%| O|  |TAMS 0x000000009b000000, 0x000000009b000000| Untracked 
| 433|0x000000009b100000, 0x000000009b200000, 0x000000009b200000|100%| O|  |TAMS 0x000000009b100000, 0x000000009b100000| Untracked 
| 434|0x000000009b200000, 0x000000009b300000, 0x000000009b300000|100%| O|  |TAMS 0x000000009b200000, 0x000000009b200000| Untracked 
| 435|0x000000009b300000, 0x000000009b400000, 0x000000009b400000|100%| O|  |TAMS 0x000000009b300000, 0x000000009b300000| Untracked 
| 436|0x000000009b400000, 0x000000009b400000, 0x000000009b500000|  0%| F|  |TAMS 0x000000009b400000, 0x000000009b400000| Untracked 
| 437|0x000000009b500000, 0x000000009b500000, 0x000000009b600000|  0%| F|  |TAMS 0x000000009b500000, 0x000000009b500000| Untracked 
| 438|0x000000009b600000, 0x000000009b600000, 0x000000009b700000|  0%| F|  |TAMS 0x000000009b600000, 0x000000009b600000| Untracked 
| 439|0x000000009b700000, 0x000000009b700000, 0x000000009b800000|  0%| F|  |TAMS 0x000000009b700000, 0x000000009b700000| Untracked 
| 440|0x000000009b800000, 0x000000009b800000, 0x000000009b900000|  0%| F|  |TAMS 0x000000009b800000, 0x000000009b800000| Untracked 
| 441|0x000000009b900000, 0x000000009b900000, 0x000000009ba00000|  0%| F|  |TAMS 0x000000009b900000, 0x000000009b900000| Untracked 
| 442|0x000000009ba00000, 0x000000009ba00000, 0x000000009bb00000|  0%| F|  |TAMS 0x000000009ba00000, 0x000000009ba00000| Untracked 
| 443|0x000000009bb00000, 0x000000009bb00000, 0x000000009bc00000|  0%| F|  |TAMS 0x000000009bb00000, 0x000000009bb00000| Untracked 
| 444|0x000000009bc00000, 0x000000009bc80000, 0x000000009bd00000| 50%| S|CS|TAMS 0x000000009bc00000, 0x000000009bc00000| Complete 
| 445|0x000000009bd00000, 0x000000009be00000, 0x000000009be00000|100%| S|CS|TAMS 0x000000009bd00000, 0x000000009bd00000| Complete 
| 446|0x000000009be00000, 0x000000009bf00000, 0x000000009bf00000|100%| S|CS|TAMS 0x000000009be00000, 0x000000009be00000| Complete 
| 447|0x000000009bf00000, 0x000000009c000000, 0x000000009c000000|100%| S|CS|TAMS 0x000000009bf00000, 0x000000009bf00000| Complete 
| 448|0x000000009c000000, 0x000000009c100000, 0x000000009c100000|100%| S|CS|TAMS 0x000000009c000000, 0x000000009c000000| Complete 
| 449|0x000000009c100000, 0x000000009c200000, 0x000000009c200000|100%| S|CS|TAMS 0x000000009c100000, 0x000000009c100000| Complete 
| 450|0x000000009c200000, 0x000000009c300000, 0x000000009c300000|100%| S|CS|TAMS 0x000000009c200000, 0x000000009c200000| Complete 
| 451|0x000000009c300000, 0x000000009c400000, 0x000000009c400000|100%| S|CS|TAMS 0x000000009c300000, 0x000000009c300000| Complete 
| 452|0x000000009c400000, 0x000000009c500000, 0x000000009c500000|100%| S|CS|TAMS 0x000000009c400000, 0x000000009c400000| Complete 
| 453|0x000000009c500000, 0x000000009c600000, 0x000000009c600000|100%| S|CS|TAMS 0x000000009c500000, 0x000000009c500000| Complete 
| 454|0x000000009c600000, 0x000000009c700000, 0x000000009c700000|100%| S|CS|TAMS 0x000000009c600000, 0x000000009c600000| Complete 
| 455|0x000000009c700000, 0x000000009c800000, 0x000000009c800000|100%| S|CS|TAMS 0x000000009c700000, 0x000000009c700000| Complete 
| 456|0x000000009c800000, 0x000000009c900000, 0x000000009c900000|100%| S|CS|TAMS 0x000000009c800000, 0x000000009c800000| Complete 
| 457|0x000000009c900000, 0x000000009ca00000, 0x000000009ca00000|100%| S|CS|TAMS 0x000000009c900000, 0x000000009c900000| Complete 
| 458|0x000000009ca00000, 0x000000009cb00000, 0x000000009cb00000|100%| S|CS|TAMS 0x000000009ca00000, 0x000000009ca00000| Complete 
| 459|0x000000009cb00000, 0x000000009cc00000, 0x000000009cc00000|100%| S|CS|TAMS 0x000000009cb00000, 0x000000009cb00000| Complete 
| 460|0x000000009cc00000, 0x000000009cd00000, 0x000000009cd00000|100%| S|CS|TAMS 0x000000009cc00000, 0x000000009cc00000| Complete 
| 461|0x000000009cd00000, 0x000000009cd00000, 0x000000009ce00000|  0%| F|  |TAMS 0x000000009cd00000, 0x000000009cd00000| Untracked 
| 462|0x000000009ce00000, 0x000000009ce00000, 0x000000009cf00000|  0%| F|  |TAMS 0x000000009ce00000, 0x000000009ce00000| Untracked 
| 463|0x000000009cf00000, 0x000000009cf00000, 0x000000009d000000|  0%| F|  |TAMS 0x000000009cf00000, 0x000000009cf00000| Untracked 
| 464|0x000000009d000000, 0x000000009d000000, 0x000000009d100000|  0%| F|  |TAMS 0x000000009d000000, 0x000000009d000000| Untracked 
| 465|0x000000009d100000, 0x000000009d100000, 0x000000009d200000|  0%| F|  |TAMS 0x000000009d100000, 0x000000009d100000| Untracked 
| 466|0x000000009d200000, 0x000000009d200000, 0x000000009d300000|  0%| F|  |TAMS 0x000000009d200000, 0x000000009d200000| Untracked 
| 467|0x000000009d300000, 0x000000009d300000, 0x000000009d400000|  0%| F|  |TAMS 0x000000009d300000, 0x000000009d300000| Untracked 
| 468|0x000000009d400000, 0x000000009d400000, 0x000000009d500000|  0%| F|  |TAMS 0x000000009d400000, 0x000000009d400000| Untracked 
| 469|0x000000009d500000, 0x000000009d500000, 0x000000009d600000|  0%| F|  |TAMS 0x000000009d500000, 0x000000009d500000| Untracked 
| 470|0x000000009d600000, 0x000000009d600000, 0x000000009d700000|  0%| F|  |TAMS 0x000000009d600000, 0x000000009d600000| Untracked 
| 471|0x000000009d700000, 0x000000009d700000, 0x000000009d800000|  0%| F|  |TAMS 0x000000009d700000, 0x000000009d700000| Untracked 
| 472|0x000000009d800000, 0x000000009d800000, 0x000000009d900000|  0%| F|  |TAMS 0x000000009d800000, 0x000000009d800000| Untracked 
| 473|0x000000009d900000, 0x000000009d900000, 0x000000009da00000|  0%| F|  |TAMS 0x000000009d900000, 0x000000009d900000| Untracked 
| 474|0x000000009da00000, 0x000000009da00000, 0x000000009db00000|  0%| F|  |TAMS 0x000000009da00000, 0x000000009da00000| Untracked 
| 475|0x000000009db00000, 0x000000009db00000, 0x000000009dc00000|  0%| F|  |TAMS 0x000000009db00000, 0x000000009db00000| Untracked 
| 476|0x000000009dc00000, 0x000000009dc00000, 0x000000009dd00000|  0%| F|  |TAMS 0x000000009dc00000, 0x000000009dc00000| Untracked 
| 477|0x000000009dd00000, 0x000000009dd00000, 0x000000009de00000|  0%| F|  |TAMS 0x000000009dd00000, 0x000000009dd00000| Untracked 
| 478|0x000000009de00000, 0x000000009de00000, 0x000000009df00000|  0%| F|  |TAMS 0x000000009de00000, 0x000000009de00000| Untracked 
| 479|0x000000009df00000, 0x000000009df00000, 0x000000009e000000|  0%| F|  |TAMS 0x000000009df00000, 0x000000009df00000| Untracked 
| 480|0x000000009e000000, 0x000000009e000000, 0x000000009e100000|  0%| F|  |TAMS 0x000000009e000000, 0x000000009e000000| Untracked 
| 481|0x000000009e100000, 0x000000009e100000, 0x000000009e200000|  0%| F|  |TAMS 0x000000009e100000, 0x000000009e100000| Untracked 
| 482|0x000000009e200000, 0x000000009e300000, 0x000000009e300000|100%| S|CS|TAMS 0x000000009e200000, 0x000000009e200000| Complete 
| 483|0x000000009e300000, 0x000000009e300000, 0x000000009e400000|  0%| F|  |TAMS 0x000000009e300000, 0x000000009e300000| Untracked 
| 484|0x000000009e400000, 0x000000009e400000, 0x000000009e500000|  0%| F|  |TAMS 0x000000009e400000, 0x000000009e400000| Untracked 
| 485|0x000000009e500000, 0x000000009e500000, 0x000000009e600000|  0%| F|  |TAMS 0x000000009e500000, 0x000000009e500000| Untracked 
| 486|0x000000009e600000, 0x000000009e600000, 0x000000009e700000|  0%| F|  |TAMS 0x000000009e600000, 0x000000009e600000| Untracked 
| 487|0x000000009e700000, 0x000000009e700000, 0x000000009e800000|  0%| F|  |TAMS 0x000000009e700000, 0x000000009e700000| Untracked 
| 488|0x000000009e800000, 0x000000009e800000, 0x000000009e900000|  0%| F|  |TAMS 0x000000009e800000, 0x000000009e800000| Untracked 
| 489|0x000000009e900000, 0x000000009e900000, 0x000000009ea00000|  0%| F|  |TAMS 0x000000009e900000, 0x000000009e900000| Untracked 
| 490|0x000000009ea00000, 0x000000009ea00000, 0x000000009eb00000|  0%| F|  |TAMS 0x000000009ea00000, 0x000000009ea00000| Untracked 
| 491|0x000000009eb00000, 0x000000009eb00000, 0x000000009ec00000|  0%| F|  |TAMS 0x000000009eb00000, 0x000000009eb00000| Untracked 
| 492|0x000000009ec00000, 0x000000009ec00000, 0x000000009ed00000|  0%| F|  |TAMS 0x000000009ec00000, 0x000000009ec00000| Untracked 
| 493|0x000000009ed00000, 0x000000009ed00000, 0x000000009ee00000|  0%| F|  |TAMS 0x000000009ed00000, 0x000000009ed00000| Untracked 
| 494|0x000000009ee00000, 0x000000009ee00000, 0x000000009ef00000|  0%| F|  |TAMS 0x000000009ee00000, 0x000000009ee00000| Untracked 
| 495|0x000000009ef00000, 0x000000009ef00000, 0x000000009f000000|  0%| F|  |TAMS 0x000000009ef00000, 0x000000009ef00000| Untracked 
| 496|0x000000009f000000, 0x000000009f000000, 0x000000009f100000|  0%| F|  |TAMS 0x000000009f000000, 0x000000009f000000| Untracked 
| 497|0x000000009f100000, 0x000000009f100000, 0x000000009f200000|  0%| F|  |TAMS 0x000000009f100000, 0x000000009f100000| Untracked 
| 498|0x000000009f200000, 0x000000009f200000, 0x000000009f300000|  0%| F|  |TAMS 0x000000009f200000, 0x000000009f200000| Untracked 
| 499|0x000000009f300000, 0x000000009f300000, 0x000000009f400000|  0%| F|  |TAMS 0x000000009f300000, 0x000000009f300000| Untracked 
| 500|0x000000009f400000, 0x000000009f400000, 0x000000009f500000|  0%| F|  |TAMS 0x000000009f400000, 0x000000009f400000| Untracked 
| 501|0x000000009f500000, 0x000000009f500000, 0x000000009f600000|  0%| F|  |TAMS 0x000000009f500000, 0x000000009f500000| Untracked 
| 502|0x000000009f600000, 0x000000009f600000, 0x000000009f700000|  0%| F|  |TAMS 0x000000009f600000, 0x000000009f600000| Untracked 
| 503|0x000000009f700000, 0x000000009f700000, 0x000000009f800000|  0%| F|  |TAMS 0x000000009f700000, 0x000000009f700000| Untracked 
| 504|0x000000009f800000, 0x000000009f800000, 0x000000009f900000|  0%| F|  |TAMS 0x000000009f800000, 0x000000009f800000| Untracked 
| 505|0x000000009f900000, 0x000000009f900000, 0x000000009fa00000|  0%| F|  |TAMS 0x000000009f900000, 0x000000009f900000| Untracked 
| 506|0x000000009fa00000, 0x000000009fa00000, 0x000000009fb00000|  0%| F|  |TAMS 0x000000009fa00000, 0x000000009fa00000| Untracked 
| 507|0x000000009fb00000, 0x000000009fb00000, 0x000000009fc00000|  0%| F|  |TAMS 0x000000009fb00000, 0x000000009fb00000| Untracked 
| 508|0x000000009fc00000, 0x000000009fc00000, 0x000000009fd00000|  0%| F|  |TAMS 0x000000009fc00000, 0x000000009fc00000| Untracked 
| 509|0x000000009fd00000, 0x000000009fd00000, 0x000000009fe00000|  0%| F|  |TAMS 0x000000009fd00000, 0x000000009fd00000| Untracked 
| 510|0x000000009fe00000, 0x000000009ff00000, 0x000000009ff00000|100%| E|  |TAMS 0x000000009fe00000, 0x000000009fe00000| Complete 
| 511|0x000000009ff00000, 0x00000000a0000000, 0x00000000a0000000|100%| E|CS|TAMS 0x000000009ff00000, 0x000000009ff00000| Complete 
| 512|0x00000000a0000000, 0x00000000a0100000, 0x00000000a0100000|100%| E|CS|TAMS 0x00000000a0000000, 0x00000000a0000000| Complete 
| 513|0x00000000a0100000, 0x00000000a0200000, 0x00000000a0200000|100%| E|CS|TAMS 0x00000000a0100000, 0x00000000a0100000| Complete 
| 514|0x00000000a0200000, 0x00000000a0300000, 0x00000000a0300000|100%| E|CS|TAMS 0x00000000a0200000, 0x00000000a0200000| Complete 
| 515|0x00000000a0300000, 0x00000000a0400000, 0x00000000a0400000|100%| E|CS|TAMS 0x00000000a0300000, 0x00000000a0300000| Complete 
| 516|0x00000000a0400000, 0x00000000a0500000, 0x00000000a0500000|100%| E|CS|TAMS 0x00000000a0400000, 0x00000000a0400000| Complete 
| 517|0x00000000a0500000, 0x00000000a0600000, 0x00000000a0600000|100%| E|CS|TAMS 0x00000000a0500000, 0x00000000a0500000| Complete 
| 518|0x00000000a0600000, 0x00000000a0700000, 0x00000000a0700000|100%| E|CS|TAMS 0x00000000a0600000, 0x00000000a0600000| Complete 
| 519|0x00000000a0700000, 0x00000000a0800000, 0x00000000a0800000|100%| E|CS|TAMS 0x00000000a0700000, 0x00000000a0700000| Complete 
| 520|0x00000000a0800000, 0x00000000a0900000, 0x00000000a0900000|100%| E|CS|TAMS 0x00000000a0800000, 0x00000000a0800000| Complete 
| 521|0x00000000a0900000, 0x00000000a0a00000, 0x00000000a0a00000|100%| E|CS|TAMS 0x00000000a0900000, 0x00000000a0900000| Complete 
| 522|0x00000000a0a00000, 0x00000000a0b00000, 0x00000000a0b00000|100%| E|CS|TAMS 0x00000000a0a00000, 0x00000000a0a00000| Complete 
| 523|0x00000000a0b00000, 0x00000000a0c00000, 0x00000000a0c00000|100%| E|CS|TAMS 0x00000000a0b00000, 0x00000000a0b00000| Complete 
| 524|0x00000000a0c00000, 0x00000000a0d00000, 0x00000000a0d00000|100%| E|CS|TAMS 0x00000000a0c00000, 0x00000000a0c00000| Complete 
| 525|0x00000000a0d00000, 0x00000000a0e00000, 0x00000000a0e00000|100%| E|CS|TAMS 0x00000000a0d00000, 0x00000000a0d00000| Complete 
| 526|0x00000000a0e00000, 0x00000000a0f00000, 0x00000000a0f00000|100%| E|CS|TAMS 0x00000000a0e00000, 0x00000000a0e00000| Complete 
| 527|0x00000000a0f00000, 0x00000000a1000000, 0x00000000a1000000|100%| E|CS|TAMS 0x00000000a0f00000, 0x00000000a0f00000| Complete 
| 528|0x00000000a1000000, 0x00000000a1100000, 0x00000000a1100000|100%| E|CS|TAMS 0x00000000a1000000, 0x00000000a1000000| Complete 
| 529|0x00000000a1100000, 0x00000000a1200000, 0x00000000a1200000|100%| E|CS|TAMS 0x00000000a1100000, 0x00000000a1100000| Complete 
| 530|0x00000000a1200000, 0x00000000a1300000, 0x00000000a1300000|100%| E|CS|TAMS 0x00000000a1200000, 0x00000000a1200000| Complete 
| 531|0x00000000a1300000, 0x00000000a1400000, 0x00000000a1400000|100%| E|CS|TAMS 0x00000000a1300000, 0x00000000a1300000| Complete 
| 532|0x00000000a1400000, 0x00000000a1500000, 0x00000000a1500000|100%| E|CS|TAMS 0x00000000a1400000, 0x00000000a1400000| Complete 
| 533|0x00000000a1500000, 0x00000000a1600000, 0x00000000a1600000|100%| E|CS|TAMS 0x00000000a1500000, 0x00000000a1500000| Complete 
| 534|0x00000000a1600000, 0x00000000a1700000, 0x00000000a1700000|100%| E|CS|TAMS 0x00000000a1600000, 0x00000000a1600000| Complete 
| 535|0x00000000a1700000, 0x00000000a1800000, 0x00000000a1800000|100%| E|CS|TAMS 0x00000000a1700000, 0x00000000a1700000| Complete 
| 536|0x00000000a1800000, 0x00000000a1900000, 0x00000000a1900000|100%| E|CS|TAMS 0x00000000a1800000, 0x00000000a1800000| Complete 
| 537|0x00000000a1900000, 0x00000000a1a00000, 0x00000000a1a00000|100%| E|CS|TAMS 0x00000000a1900000, 0x00000000a1900000| Complete 
| 538|0x00000000a1a00000, 0x00000000a1b00000, 0x00000000a1b00000|100%| E|CS|TAMS 0x00000000a1a00000, 0x00000000a1a00000| Complete 
| 539|0x00000000a1b00000, 0x00000000a1c00000, 0x00000000a1c00000|100%| E|CS|TAMS 0x00000000a1b00000, 0x00000000a1b00000| Complete 
| 540|0x00000000a1c00000, 0x00000000a1d00000, 0x00000000a1d00000|100%| E|CS|TAMS 0x00000000a1c00000, 0x00000000a1c00000| Complete 
| 541|0x00000000a1d00000, 0x00000000a1e00000, 0x00000000a1e00000|100%| E|CS|TAMS 0x00000000a1d00000, 0x00000000a1d00000| Complete 
| 542|0x00000000a1e00000, 0x00000000a1f00000, 0x00000000a1f00000|100%| E|CS|TAMS 0x00000000a1e00000, 0x00000000a1e00000| Complete 
| 543|0x00000000a1f00000, 0x00000000a2000000, 0x00000000a2000000|100%| E|CS|TAMS 0x00000000a1f00000, 0x00000000a1f00000| Complete 
| 544|0x00000000a2000000, 0x00000000a2100000, 0x00000000a2100000|100%| E|CS|TAMS 0x00000000a2000000, 0x00000000a2000000| Complete 
| 545|0x00000000a2100000, 0x00000000a2200000, 0x00000000a2200000|100%| E|CS|TAMS 0x00000000a2100000, 0x00000000a2100000| Complete 
| 546|0x00000000a2200000, 0x00000000a2300000, 0x00000000a2300000|100%| E|CS|TAMS 0x00000000a2200000, 0x00000000a2200000| Complete 
| 547|0x00000000a2300000, 0x00000000a2400000, 0x00000000a2400000|100%| E|CS|TAMS 0x00000000a2300000, 0x00000000a2300000| Complete 
| 548|0x00000000a2400000, 0x00000000a2500000, 0x00000000a2500000|100%| E|CS|TAMS 0x00000000a2400000, 0x00000000a2400000| Complete 
| 549|0x00000000a2500000, 0x00000000a2600000, 0x00000000a2600000|100%| E|CS|TAMS 0x00000000a2500000, 0x00000000a2500000| Complete 
| 550|0x00000000a2600000, 0x00000000a2700000, 0x00000000a2700000|100%| E|CS|TAMS 0x00000000a2600000, 0x00000000a2600000| Complete 
| 551|0x00000000a2700000, 0x00000000a2800000, 0x00000000a2800000|100%| E|CS|TAMS 0x00000000a2700000, 0x00000000a2700000| Complete 
| 552|0x00000000a2800000, 0x00000000a2900000, 0x00000000a2900000|100%| E|CS|TAMS 0x00000000a2800000, 0x00000000a2800000| Complete 
| 553|0x00000000a2900000, 0x00000000a2a00000, 0x00000000a2a00000|100%| E|CS|TAMS 0x00000000a2900000, 0x00000000a2900000| Complete 
| 554|0x00000000a2a00000, 0x00000000a2b00000, 0x00000000a2b00000|100%| E|CS|TAMS 0x00000000a2a00000, 0x00000000a2a00000| Complete 
| 555|0x00000000a2b00000, 0x00000000a2c00000, 0x00000000a2c00000|100%| E|CS|TAMS 0x00000000a2b00000, 0x00000000a2b00000| Complete 
| 556|0x00000000a2c00000, 0x00000000a2d00000, 0x00000000a2d00000|100%| E|CS|TAMS 0x00000000a2c00000, 0x00000000a2c00000| Complete 
| 557|0x00000000a2d00000, 0x00000000a2e00000, 0x00000000a2e00000|100%| E|CS|TAMS 0x00000000a2d00000, 0x00000000a2d00000| Complete 
| 558|0x00000000a2e00000, 0x00000000a2f00000, 0x00000000a2f00000|100%| E|CS|TAMS 0x00000000a2e00000, 0x00000000a2e00000| Complete 
| 559|0x00000000a2f00000, 0x00000000a3000000, 0x00000000a3000000|100%| E|CS|TAMS 0x00000000a2f00000, 0x00000000a2f00000| Complete 
| 560|0x00000000a3000000, 0x00000000a3100000, 0x00000000a3100000|100%| E|CS|TAMS 0x00000000a3000000, 0x00000000a3000000| Complete 
| 561|0x00000000a3100000, 0x00000000a3200000, 0x00000000a3200000|100%| E|CS|TAMS 0x00000000a3100000, 0x00000000a3100000| Complete 
| 562|0x00000000a3200000, 0x00000000a3300000, 0x00000000a3300000|100%| E|CS|TAMS 0x00000000a3200000, 0x00000000a3200000| Complete 
| 563|0x00000000a3300000, 0x00000000a3400000, 0x00000000a3400000|100%| E|CS|TAMS 0x00000000a3300000, 0x00000000a3300000| Complete 
| 564|0x00000000a3400000, 0x00000000a3500000, 0x00000000a3500000|100%| E|CS|TAMS 0x00000000a3400000, 0x00000000a3400000| Complete 
| 565|0x00000000a3500000, 0x00000000a3600000, 0x00000000a3600000|100%| E|CS|TAMS 0x00000000a3500000, 0x00000000a3500000| Complete 
| 566|0x00000000a3600000, 0x00000000a3700000, 0x00000000a3700000|100%| E|CS|TAMS 0x00000000a3600000, 0x00000000a3600000| Complete 
| 567|0x00000000a3700000, 0x00000000a3800000, 0x00000000a3800000|100%| E|CS|TAMS 0x00000000a3700000, 0x00000000a3700000| Complete 
| 568|0x00000000a3800000, 0x00000000a3900000, 0x00000000a3900000|100%| E|CS|TAMS 0x00000000a3800000, 0x00000000a3800000| Complete 
| 569|0x00000000a3900000, 0x00000000a3a00000, 0x00000000a3a00000|100%| E|CS|TAMS 0x00000000a3900000, 0x00000000a3900000| Complete 
| 570|0x00000000a3a00000, 0x00000000a3b00000, 0x00000000a3b00000|100%| E|CS|TAMS 0x00000000a3a00000, 0x00000000a3a00000| Complete 
| 571|0x00000000a3b00000, 0x00000000a3c00000, 0x00000000a3c00000|100%| E|CS|TAMS 0x00000000a3b00000, 0x00000000a3b00000| Complete 
| 572|0x00000000a3c00000, 0x00000000a3d00000, 0x00000000a3d00000|100%| E|CS|TAMS 0x00000000a3c00000, 0x00000000a3c00000| Complete 
| 573|0x00000000a3d00000, 0x00000000a3e00000, 0x00000000a3e00000|100%| E|CS|TAMS 0x00000000a3d00000, 0x00000000a3d00000| Complete 
| 574|0x00000000a3e00000, 0x00000000a3f00000, 0x00000000a3f00000|100%| E|CS|TAMS 0x00000000a3e00000, 0x00000000a3e00000| Complete 
| 575|0x00000000a3f00000, 0x00000000a4000000, 0x00000000a4000000|100%| E|CS|TAMS 0x00000000a3f00000, 0x00000000a3f00000| Complete 
| 576|0x00000000a4000000, 0x00000000a4100000, 0x00000000a4100000|100%| E|CS|TAMS 0x00000000a4000000, 0x00000000a4000000| Complete 
| 577|0x00000000a4100000, 0x00000000a4200000, 0x00000000a4200000|100%| E|CS|TAMS 0x00000000a4100000, 0x00000000a4100000| Complete 
| 578|0x00000000a4200000, 0x00000000a4300000, 0x00000000a4300000|100%| E|CS|TAMS 0x00000000a4200000, 0x00000000a4200000| Complete 
| 579|0x00000000a4300000, 0x00000000a4400000, 0x00000000a4400000|100%| E|CS|TAMS 0x00000000a4300000, 0x00000000a4300000| Complete 
| 580|0x00000000a4400000, 0x00000000a4500000, 0x00000000a4500000|100%| E|CS|TAMS 0x00000000a4400000, 0x00000000a4400000| Complete 
| 581|0x00000000a4500000, 0x00000000a4600000, 0x00000000a4600000|100%| E|CS|TAMS 0x00000000a4500000, 0x00000000a4500000| Complete 
| 582|0x00000000a4600000, 0x00000000a4700000, 0x00000000a4700000|100%| E|CS|TAMS 0x00000000a4600000, 0x00000000a4600000| Complete 
| 583|0x00000000a4700000, 0x00000000a4800000, 0x00000000a4800000|100%| E|CS|TAMS 0x00000000a4700000, 0x00000000a4700000| Complete 
| 584|0x00000000a4800000, 0x00000000a4900000, 0x00000000a4900000|100%| E|CS|TAMS 0x00000000a4800000, 0x00000000a4800000| Complete 
| 585|0x00000000a4900000, 0x00000000a4a00000, 0x00000000a4a00000|100%| E|CS|TAMS 0x00000000a4900000, 0x00000000a4900000| Complete 
| 586|0x00000000a4a00000, 0x00000000a4b00000, 0x00000000a4b00000|100%| E|CS|TAMS 0x00000000a4a00000, 0x00000000a4a00000| Complete 
| 587|0x00000000a4b00000, 0x00000000a4c00000, 0x00000000a4c00000|100%| E|CS|TAMS 0x00000000a4b00000, 0x00000000a4b00000| Complete 
| 588|0x00000000a4c00000, 0x00000000a4d00000, 0x00000000a4d00000|100%| E|CS|TAMS 0x00000000a4c00000, 0x00000000a4c00000| Complete 
| 589|0x00000000a4d00000, 0x00000000a4e00000, 0x00000000a4e00000|100%| E|CS|TAMS 0x00000000a4d00000, 0x00000000a4d00000| Complete 
| 590|0x00000000a4e00000, 0x00000000a4f00000, 0x00000000a4f00000|100%| E|CS|TAMS 0x00000000a4e00000, 0x00000000a4e00000| Complete 
| 591|0x00000000a4f00000, 0x00000000a5000000, 0x00000000a5000000|100%| E|CS|TAMS 0x00000000a4f00000, 0x00000000a4f00000| Complete 
| 592|0x00000000a5000000, 0x00000000a5100000, 0x00000000a5100000|100%| E|CS|TAMS 0x00000000a5000000, 0x00000000a5000000| Complete 
| 593|0x00000000a5100000, 0x00000000a5200000, 0x00000000a5200000|100%| E|CS|TAMS 0x00000000a5100000, 0x00000000a5100000| Complete 
| 594|0x00000000a5200000, 0x00000000a5300000, 0x00000000a5300000|100%| E|CS|TAMS 0x00000000a5200000, 0x00000000a5200000| Complete 
| 595|0x00000000a5300000, 0x00000000a5400000, 0x00000000a5400000|100%| E|CS|TAMS 0x00000000a5300000, 0x00000000a5300000| Complete 
| 596|0x00000000a5400000, 0x00000000a5500000, 0x00000000a5500000|100%| E|CS|TAMS 0x00000000a5400000, 0x00000000a5400000| Complete 
| 597|0x00000000a5500000, 0x00000000a5600000, 0x00000000a5600000|100%| E|CS|TAMS 0x00000000a5500000, 0x00000000a5500000| Complete 
| 598|0x00000000a5600000, 0x00000000a5700000, 0x00000000a5700000|100%| E|CS|TAMS 0x00000000a5600000, 0x00000000a5600000| Complete 
| 599|0x00000000a5700000, 0x00000000a5800000, 0x00000000a5800000|100%| E|CS|TAMS 0x00000000a5700000, 0x00000000a5700000| Complete 
| 600|0x00000000a5800000, 0x00000000a5900000, 0x00000000a5900000|100%| E|CS|TAMS 0x00000000a5800000, 0x00000000a5800000| Complete 
| 601|0x00000000a5900000, 0x00000000a5a00000, 0x00000000a5a00000|100%| E|CS|TAMS 0x00000000a5900000, 0x00000000a5900000| Complete 
| 602|0x00000000a5a00000, 0x00000000a5b00000, 0x00000000a5b00000|100%| E|CS|TAMS 0x00000000a5a00000, 0x00000000a5a00000| Complete 
| 603|0x00000000a5b00000, 0x00000000a5c00000, 0x00000000a5c00000|100%| E|CS|TAMS 0x00000000a5b00000, 0x00000000a5b00000| Complete 
| 604|0x00000000a5c00000, 0x00000000a5d00000, 0x00000000a5d00000|100%| E|CS|TAMS 0x00000000a5c00000, 0x00000000a5c00000| Complete 
| 605|0x00000000a5d00000, 0x00000000a5e00000, 0x00000000a5e00000|100%| E|CS|TAMS 0x00000000a5d00000, 0x00000000a5d00000| Complete 
| 606|0x00000000a5e00000, 0x00000000a5f00000, 0x00000000a5f00000|100%| E|CS|TAMS 0x00000000a5e00000, 0x00000000a5e00000| Complete 
| 607|0x00000000a5f00000, 0x00000000a6000000, 0x00000000a6000000|100%| E|CS|TAMS 0x00000000a5f00000, 0x00000000a5f00000| Complete 
| 608|0x00000000a6000000, 0x00000000a6100000, 0x00000000a6100000|100%| E|CS|TAMS 0x00000000a6000000, 0x00000000a6000000| Complete 
| 609|0x00000000a6100000, 0x00000000a6200000, 0x00000000a6200000|100%| E|CS|TAMS 0x00000000a6100000, 0x00000000a6100000| Complete 
| 610|0x00000000a6200000, 0x00000000a6300000, 0x00000000a6300000|100%| E|CS|TAMS 0x00000000a6200000, 0x00000000a6200000| Complete 
| 611|0x00000000a6300000, 0x00000000a6400000, 0x00000000a6400000|100%| E|CS|TAMS 0x00000000a6300000, 0x00000000a6300000| Complete 
| 612|0x00000000a6400000, 0x00000000a6500000, 0x00000000a6500000|100%| E|CS|TAMS 0x00000000a6400000, 0x00000000a6400000| Complete 
| 613|0x00000000a6500000, 0x00000000a6600000, 0x00000000a6600000|100%| E|CS|TAMS 0x00000000a6500000, 0x00000000a6500000| Complete 
| 614|0x00000000a6600000, 0x00000000a6700000, 0x00000000a6700000|100%| E|CS|TAMS 0x00000000a6600000, 0x00000000a6600000| Complete 
| 615|0x00000000a6700000, 0x00000000a6800000, 0x00000000a6800000|100%| E|CS|TAMS 0x00000000a6700000, 0x00000000a6700000| Complete 
| 616|0x00000000a6800000, 0x00000000a6900000, 0x00000000a6900000|100%| E|CS|TAMS 0x00000000a6800000, 0x00000000a6800000| Complete 
| 617|0x00000000a6900000, 0x00000000a6a00000, 0x00000000a6a00000|100%| E|CS|TAMS 0x00000000a6900000, 0x00000000a6900000| Complete 
| 618|0x00000000a6a00000, 0x00000000a6b00000, 0x00000000a6b00000|100%| E|CS|TAMS 0x00000000a6a00000, 0x00000000a6a00000| Complete 
| 619|0x00000000a6b00000, 0x00000000a6c00000, 0x00000000a6c00000|100%| E|CS|TAMS 0x00000000a6b00000, 0x00000000a6b00000| Complete 
| 620|0x00000000a6c00000, 0x00000000a6d00000, 0x00000000a6d00000|100%| E|CS|TAMS 0x00000000a6c00000, 0x00000000a6c00000| Complete 
| 621|0x00000000a6d00000, 0x00000000a6e00000, 0x00000000a6e00000|100%| E|CS|TAMS 0x00000000a6d00000, 0x00000000a6d00000| Complete 
| 622|0x00000000a6e00000, 0x00000000a6f00000, 0x00000000a6f00000|100%| E|CS|TAMS 0x00000000a6e00000, 0x00000000a6e00000| Complete 
| 623|0x00000000a6f00000, 0x00000000a7000000, 0x00000000a7000000|100%| E|CS|TAMS 0x00000000a6f00000, 0x00000000a6f00000| Complete 
| 624|0x00000000a7000000, 0x00000000a7100000, 0x00000000a7100000|100%| E|CS|TAMS 0x00000000a7000000, 0x00000000a7000000| Complete 
| 625|0x00000000a7100000, 0x00000000a7200000, 0x00000000a7200000|100%| E|CS|TAMS 0x00000000a7100000, 0x00000000a7100000| Complete 
| 626|0x00000000a7200000, 0x00000000a7300000, 0x00000000a7300000|100%| E|CS|TAMS 0x00000000a7200000, 0x00000000a7200000| Complete 
| 627|0x00000000a7300000, 0x00000000a7400000, 0x00000000a7400000|100%| E|CS|TAMS 0x00000000a7300000, 0x00000000a7300000| Complete 
| 628|0x00000000a7400000, 0x00000000a7500000, 0x00000000a7500000|100%| E|CS|TAMS 0x00000000a7400000, 0x00000000a7400000| Complete 
| 629|0x00000000a7500000, 0x00000000a7600000, 0x00000000a7600000|100%| E|CS|TAMS 0x00000000a7500000, 0x00000000a7500000| Complete 
| 630|0x00000000a7600000, 0x00000000a7700000, 0x00000000a7700000|100%| E|CS|TAMS 0x00000000a7600000, 0x00000000a7600000| Complete 
| 631|0x00000000a7700000, 0x00000000a7800000, 0x00000000a7800000|100%| E|CS|TAMS 0x00000000a7700000, 0x00000000a7700000| Complete 
| 632|0x00000000a7800000, 0x00000000a7900000, 0x00000000a7900000|100%| E|CS|TAMS 0x00000000a7800000, 0x00000000a7800000| Complete 
| 633|0x00000000a7900000, 0x00000000a7a00000, 0x00000000a7a00000|100%| E|CS|TAMS 0x00000000a7900000, 0x00000000a7900000| Complete 
| 634|0x00000000a7a00000, 0x00000000a7b00000, 0x00000000a7b00000|100%| E|CS|TAMS 0x00000000a7a00000, 0x00000000a7a00000| Complete 
| 635|0x00000000a7b00000, 0x00000000a7c00000, 0x00000000a7c00000|100%| E|CS|TAMS 0x00000000a7b00000, 0x00000000a7b00000| Complete 
| 636|0x00000000a7c00000, 0x00000000a7d00000, 0x00000000a7d00000|100%| E|CS|TAMS 0x00000000a7c00000, 0x00000000a7c00000| Complete 
| 637|0x00000000a7d00000, 0x00000000a7e00000, 0x00000000a7e00000|100%| E|CS|TAMS 0x00000000a7d00000, 0x00000000a7d00000| Complete 
| 638|0x00000000a7e00000, 0x00000000a7f00000, 0x00000000a7f00000|100%| E|CS|TAMS 0x00000000a7e00000, 0x00000000a7e00000| Complete 
| 639|0x00000000a7f00000, 0x00000000a8000000, 0x00000000a8000000|100%| E|CS|TAMS 0x00000000a7f00000, 0x00000000a7f00000| Complete 
| 640|0x00000000a8000000, 0x00000000a8100000, 0x00000000a8100000|100%| E|CS|TAMS 0x00000000a8000000, 0x00000000a8000000| Complete 
| 641|0x00000000a8100000, 0x00000000a8200000, 0x00000000a8200000|100%| E|CS|TAMS 0x00000000a8100000, 0x00000000a8100000| Complete 
| 642|0x00000000a8200000, 0x00000000a8300000, 0x00000000a8300000|100%| E|CS|TAMS 0x00000000a8200000, 0x00000000a8200000| Complete 
| 643|0x00000000a8300000, 0x00000000a8400000, 0x00000000a8400000|100%| E|CS|TAMS 0x00000000a8300000, 0x00000000a8300000| Complete 
| 644|0x00000000a8400000, 0x00000000a8500000, 0x00000000a8500000|100%| E|CS|TAMS 0x00000000a8400000, 0x00000000a8400000| Complete 
| 645|0x00000000a8500000, 0x00000000a8600000, 0x00000000a8600000|100%| E|CS|TAMS 0x00000000a8500000, 0x00000000a8500000| Complete 
| 646|0x00000000a8600000, 0x00000000a8700000, 0x00000000a8700000|100%| E|CS|TAMS 0x00000000a8600000, 0x00000000a8600000| Complete 
| 647|0x00000000a8700000, 0x00000000a8800000, 0x00000000a8800000|100%| E|CS|TAMS 0x00000000a8700000, 0x00000000a8700000| Complete 
| 648|0x00000000a8800000, 0x00000000a8900000, 0x00000000a8900000|100%| E|CS|TAMS 0x00000000a8800000, 0x00000000a8800000| Complete 
| 649|0x00000000a8900000, 0x00000000a8a00000, 0x00000000a8a00000|100%| E|CS|TAMS 0x00000000a8900000, 0x00000000a8900000| Complete 
| 650|0x00000000a8a00000, 0x00000000a8b00000, 0x00000000a8b00000|100%| E|CS|TAMS 0x00000000a8a00000, 0x00000000a8a00000| Complete 
| 651|0x00000000a8b00000, 0x00000000a8c00000, 0x00000000a8c00000|100%| E|CS|TAMS 0x00000000a8b00000, 0x00000000a8b00000| Complete 
| 652|0x00000000a8c00000, 0x00000000a8d00000, 0x00000000a8d00000|100%| E|CS|TAMS 0x00000000a8c00000, 0x00000000a8c00000| Complete 
| 653|0x00000000a8d00000, 0x00000000a8e00000, 0x00000000a8e00000|100%| E|CS|TAMS 0x00000000a8d00000, 0x00000000a8d00000| Complete 
| 654|0x00000000a8e00000, 0x00000000a8f00000, 0x00000000a8f00000|100%| E|CS|TAMS 0x00000000a8e00000, 0x00000000a8e00000| Complete 
| 655|0x00000000a8f00000, 0x00000000a9000000, 0x00000000a9000000|100%| E|CS|TAMS 0x00000000a8f00000, 0x00000000a8f00000| Complete 
| 656|0x00000000a9000000, 0x00000000a9100000, 0x00000000a9100000|100%| E|CS|TAMS 0x00000000a9000000, 0x00000000a9000000| Complete 
| 657|0x00000000a9100000, 0x00000000a9200000, 0x00000000a9200000|100%| E|CS|TAMS 0x00000000a9100000, 0x00000000a9100000| Complete 
| 658|0x00000000a9200000, 0x00000000a9300000, 0x00000000a9300000|100%| E|CS|TAMS 0x00000000a9200000, 0x00000000a9200000| Complete 
| 659|0x00000000a9300000, 0x00000000a9400000, 0x00000000a9400000|100%| E|CS|TAMS 0x00000000a9300000, 0x00000000a9300000| Complete 
| 660|0x00000000a9400000, 0x00000000a9500000, 0x00000000a9500000|100%| E|CS|TAMS 0x00000000a9400000, 0x00000000a9400000| Complete 
| 661|0x00000000a9500000, 0x00000000a9600000, 0x00000000a9600000|100%| E|CS|TAMS 0x00000000a9500000, 0x00000000a9500000| Complete 
| 662|0x00000000a9600000, 0x00000000a9700000, 0x00000000a9700000|100%| E|CS|TAMS 0x00000000a9600000, 0x00000000a9600000| Complete 
| 663|0x00000000a9700000, 0x00000000a9800000, 0x00000000a9800000|100%| E|CS|TAMS 0x00000000a9700000, 0x00000000a9700000| Complete 
| 664|0x00000000a9800000, 0x00000000a9900000, 0x00000000a9900000|100%| E|CS|TAMS 0x00000000a9800000, 0x00000000a9800000| Complete 
| 665|0x00000000a9900000, 0x00000000a9a00000, 0x00000000a9a00000|100%| E|CS|TAMS 0x00000000a9900000, 0x00000000a9900000| Complete 
| 666|0x00000000a9a00000, 0x00000000a9b00000, 0x00000000a9b00000|100%| E|CS|TAMS 0x00000000a9a00000, 0x00000000a9a00000| Complete 
| 667|0x00000000a9b00000, 0x00000000a9c00000, 0x00000000a9c00000|100%| E|CS|TAMS 0x00000000a9b00000, 0x00000000a9b00000| Complete 
| 668|0x00000000a9c00000, 0x00000000a9d00000, 0x00000000a9d00000|100%| E|CS|TAMS 0x00000000a9c00000, 0x00000000a9c00000| Complete 
| 669|0x00000000a9d00000, 0x00000000a9e00000, 0x00000000a9e00000|100%| E|CS|TAMS 0x00000000a9d00000, 0x00000000a9d00000| Complete 
| 670|0x00000000a9e00000, 0x00000000a9f00000, 0x00000000a9f00000|100%| E|CS|TAMS 0x00000000a9e00000, 0x00000000a9e00000| Complete 
| 671|0x00000000a9f00000, 0x00000000aa000000, 0x00000000aa000000|100%| E|CS|TAMS 0x00000000a9f00000, 0x00000000a9f00000| Complete 
| 672|0x00000000aa000000, 0x00000000aa100000, 0x00000000aa100000|100%| E|CS|TAMS 0x00000000aa000000, 0x00000000aa000000| Complete 
| 673|0x00000000aa100000, 0x00000000aa200000, 0x00000000aa200000|100%| E|CS|TAMS 0x00000000aa100000, 0x00000000aa100000| Complete 
| 674|0x00000000aa200000, 0x00000000aa300000, 0x00000000aa300000|100%| E|CS|TAMS 0x00000000aa200000, 0x00000000aa200000| Complete 
| 675|0x00000000aa300000, 0x00000000aa400000, 0x00000000aa400000|100%| E|CS|TAMS 0x00000000aa300000, 0x00000000aa300000| Complete 
| 676|0x00000000aa400000, 0x00000000aa500000, 0x00000000aa500000|100%| E|CS|TAMS 0x00000000aa400000, 0x00000000aa400000| Complete 
| 677|0x00000000aa500000, 0x00000000aa600000, 0x00000000aa600000|100%| E|CS|TAMS 0x00000000aa500000, 0x00000000aa500000| Complete 
| 678|0x00000000aa600000, 0x00000000aa700000, 0x00000000aa700000|100%| E|CS|TAMS 0x00000000aa600000, 0x00000000aa600000| Complete 
| 679|0x00000000aa700000, 0x00000000aa800000, 0x00000000aa800000|100%| E|CS|TAMS 0x00000000aa700000, 0x00000000aa700000| Complete 
| 680|0x00000000aa800000, 0x00000000aa900000, 0x00000000aa900000|100%| E|CS|TAMS 0x00000000aa800000, 0x00000000aa800000| Complete 
| 681|0x00000000aa900000, 0x00000000aaa00000, 0x00000000aaa00000|100%| E|CS|TAMS 0x00000000aa900000, 0x00000000aa900000| Complete 
| 682|0x00000000aaa00000, 0x00000000aab00000, 0x00000000aab00000|100%| E|CS|TAMS 0x00000000aaa00000, 0x00000000aaa00000| Complete 
| 683|0x00000000aab00000, 0x00000000aac00000, 0x00000000aac00000|100%| E|CS|TAMS 0x00000000aab00000, 0x00000000aab00000| Complete 
| 684|0x00000000aac00000, 0x00000000aad00000, 0x00000000aad00000|100%| E|CS|TAMS 0x00000000aac00000, 0x00000000aac00000| Complete 
| 685|0x00000000aad00000, 0x00000000aae00000, 0x00000000aae00000|100%| E|CS|TAMS 0x00000000aad00000, 0x00000000aad00000| Complete 
| 686|0x00000000aae00000, 0x00000000aaf00000, 0x00000000aaf00000|100%| E|CS|TAMS 0x00000000aae00000, 0x00000000aae00000| Complete 
| 687|0x00000000aaf00000, 0x00000000ab000000, 0x00000000ab000000|100%| E|CS|TAMS 0x00000000aaf00000, 0x00000000aaf00000| Complete 
| 688|0x00000000ab000000, 0x00000000ab100000, 0x00000000ab100000|100%| E|CS|TAMS 0x00000000ab000000, 0x00000000ab000000| Complete 
| 689|0x00000000ab100000, 0x00000000ab200000, 0x00000000ab200000|100%| E|CS|TAMS 0x00000000ab100000, 0x00000000ab100000| Complete 
| 690|0x00000000ab200000, 0x00000000ab300000, 0x00000000ab300000|100%| E|CS|TAMS 0x00000000ab200000, 0x00000000ab200000| Complete 
| 691|0x00000000ab300000, 0x00000000ab400000, 0x00000000ab400000|100%| E|CS|TAMS 0x00000000ab300000, 0x00000000ab300000| Complete 
| 692|0x00000000ab400000, 0x00000000ab500000, 0x00000000ab500000|100%| E|CS|TAMS 0x00000000ab400000, 0x00000000ab400000| Complete 
| 693|0x00000000ab500000, 0x00000000ab600000, 0x00000000ab600000|100%| E|CS|TAMS 0x00000000ab500000, 0x00000000ab500000| Complete 
| 694|0x00000000ab600000, 0x00000000ab700000, 0x00000000ab700000|100%| E|CS|TAMS 0x00000000ab600000, 0x00000000ab600000| Complete 
| 695|0x00000000ab700000, 0x00000000ab800000, 0x00000000ab800000|100%| E|CS|TAMS 0x00000000ab700000, 0x00000000ab700000| Complete 
| 696|0x00000000ab800000, 0x00000000ab900000, 0x00000000ab900000|100%| E|CS|TAMS 0x00000000ab800000, 0x00000000ab800000| Complete 
| 697|0x00000000ab900000, 0x00000000aba00000, 0x00000000aba00000|100%| E|CS|TAMS 0x00000000ab900000, 0x00000000ab900000| Complete 
| 698|0x00000000aba00000, 0x00000000abb00000, 0x00000000abb00000|100%| E|CS|TAMS 0x00000000aba00000, 0x00000000aba00000| Complete 
| 699|0x00000000abb00000, 0x00000000abc00000, 0x00000000abc00000|100%| E|CS|TAMS 0x00000000abb00000, 0x00000000abb00000| Complete 
| 700|0x00000000abc00000, 0x00000000abd00000, 0x00000000abd00000|100%| E|CS|TAMS 0x00000000abc00000, 0x00000000abc00000| Complete 
| 701|0x00000000abd00000, 0x00000000abe00000, 0x00000000abe00000|100%| E|CS|TAMS 0x00000000abd00000, 0x00000000abd00000| Complete 
| 702|0x00000000abe00000, 0x00000000abf00000, 0x00000000abf00000|100%| E|CS|TAMS 0x00000000abe00000, 0x00000000abe00000| Complete 
| 703|0x00000000abf00000, 0x00000000ac000000, 0x00000000ac000000|100%| E|CS|TAMS 0x00000000abf00000, 0x00000000abf00000| Complete 
| 704|0x00000000ac000000, 0x00000000ac100000, 0x00000000ac100000|100%| E|CS|TAMS 0x00000000ac000000, 0x00000000ac000000| Complete 
| 705|0x00000000ac100000, 0x00000000ac200000, 0x00000000ac200000|100%| E|CS|TAMS 0x00000000ac100000, 0x00000000ac100000| Complete 
| 706|0x00000000ac200000, 0x00000000ac300000, 0x00000000ac300000|100%| E|CS|TAMS 0x00000000ac200000, 0x00000000ac200000| Complete 
| 707|0x00000000ac300000, 0x00000000ac400000, 0x00000000ac400000|100%| E|CS|TAMS 0x00000000ac300000, 0x00000000ac300000| Complete 
| 708|0x00000000ac400000, 0x00000000ac500000, 0x00000000ac500000|100%| E|CS|TAMS 0x00000000ac400000, 0x00000000ac400000| Complete 
| 709|0x00000000ac500000, 0x00000000ac600000, 0x00000000ac600000|100%| E|CS|TAMS 0x00000000ac500000, 0x00000000ac500000| Complete 
| 710|0x00000000ac600000, 0x00000000ac700000, 0x00000000ac700000|100%| E|CS|TAMS 0x00000000ac600000, 0x00000000ac600000| Complete 
| 711|0x00000000ac700000, 0x00000000ac800000, 0x00000000ac800000|100%| E|CS|TAMS 0x00000000ac700000, 0x00000000ac700000| Complete 
| 712|0x00000000ac800000, 0x00000000ac900000, 0x00000000ac900000|100%| E|CS|TAMS 0x00000000ac800000, 0x00000000ac800000| Complete 
| 713|0x00000000ac900000, 0x00000000aca00000, 0x00000000aca00000|100%| E|CS|TAMS 0x00000000ac900000, 0x00000000ac900000| Complete 
| 714|0x00000000aca00000, 0x00000000acb00000, 0x00000000acb00000|100%| E|CS|TAMS 0x00000000aca00000, 0x00000000aca00000| Complete 
| 715|0x00000000acb00000, 0x00000000acc00000, 0x00000000acc00000|100%| E|CS|TAMS 0x00000000acb00000, 0x00000000acb00000| Complete 
| 716|0x00000000acc00000, 0x00000000acd00000, 0x00000000acd00000|100%| E|CS|TAMS 0x00000000acc00000, 0x00000000acc00000| Complete 
| 717|0x00000000acd00000, 0x00000000ace00000, 0x00000000ace00000|100%| E|CS|TAMS 0x00000000acd00000, 0x00000000acd00000| Complete 
| 718|0x00000000ace00000, 0x00000000acf00000, 0x00000000acf00000|100%| E|CS|TAMS 0x00000000ace00000, 0x00000000ace00000| Complete 
| 719|0x00000000acf00000, 0x00000000ad000000, 0x00000000ad000000|100%| E|CS|TAMS 0x00000000acf00000, 0x00000000acf00000| Complete 
| 720|0x00000000ad000000, 0x00000000ad100000, 0x00000000ad100000|100%| E|CS|TAMS 0x00000000ad000000, 0x00000000ad000000| Complete 
| 721|0x00000000ad100000, 0x00000000ad200000, 0x00000000ad200000|100%| E|CS|TAMS 0x00000000ad100000, 0x00000000ad100000| Complete 
| 722|0x00000000ad200000, 0x00000000ad300000, 0x00000000ad300000|100%| E|CS|TAMS 0x00000000ad200000, 0x00000000ad200000| Complete 
| 723|0x00000000ad300000, 0x00000000ad400000, 0x00000000ad400000|100%| E|CS|TAMS 0x00000000ad300000, 0x00000000ad300000| Complete 
| 724|0x00000000ad400000, 0x00000000ad500000, 0x00000000ad500000|100%| E|CS|TAMS 0x00000000ad400000, 0x00000000ad400000| Complete 
| 725|0x00000000ad500000, 0x00000000ad600000, 0x00000000ad600000|100%| E|CS|TAMS 0x00000000ad500000, 0x00000000ad500000| Complete 
| 726|0x00000000ad600000, 0x00000000ad700000, 0x00000000ad700000|100%| E|CS|TAMS 0x00000000ad600000, 0x00000000ad600000| Complete 
| 727|0x00000000ad700000, 0x00000000ad800000, 0x00000000ad800000|100%| E|CS|TAMS 0x00000000ad700000, 0x00000000ad700000| Complete 
| 728|0x00000000ad800000, 0x00000000ad900000, 0x00000000ad900000|100%| E|CS|TAMS 0x00000000ad800000, 0x00000000ad800000| Complete 
| 729|0x00000000ad900000, 0x00000000ada00000, 0x00000000ada00000|100%| E|CS|TAMS 0x00000000ad900000, 0x00000000ad900000| Complete 
| 730|0x00000000ada00000, 0x00000000adb00000, 0x00000000adb00000|100%| E|CS|TAMS 0x00000000ada00000, 0x00000000ada00000| Complete 
| 731|0x00000000adb00000, 0x00000000adc00000, 0x00000000adc00000|100%| E|CS|TAMS 0x00000000adb00000, 0x00000000adb00000| Complete 
| 732|0x00000000adc00000, 0x00000000add00000, 0x00000000add00000|100%| E|CS|TAMS 0x00000000adc00000, 0x00000000adc00000| Complete 
| 733|0x00000000add00000, 0x00000000ade00000, 0x00000000ade00000|100%| E|CS|TAMS 0x00000000add00000, 0x00000000add00000| Complete 
| 734|0x00000000ade00000, 0x00000000adf00000, 0x00000000adf00000|100%| E|CS|TAMS 0x00000000ade00000, 0x00000000ade00000| Complete 
| 735|0x00000000adf00000, 0x00000000ae000000, 0x00000000ae000000|100%| E|CS|TAMS 0x00000000adf00000, 0x00000000adf00000| Complete 
| 736|0x00000000ae000000, 0x00000000ae100000, 0x00000000ae100000|100%| E|CS|TAMS 0x00000000ae000000, 0x00000000ae000000| Complete 
| 737|0x00000000ae100000, 0x00000000ae200000, 0x00000000ae200000|100%| E|CS|TAMS 0x00000000ae100000, 0x00000000ae100000| Complete 
| 738|0x00000000ae200000, 0x00000000ae300000, 0x00000000ae300000|100%| E|CS|TAMS 0x00000000ae200000, 0x00000000ae200000| Complete 
| 739|0x00000000ae300000, 0x00000000ae400000, 0x00000000ae400000|100%| E|CS|TAMS 0x00000000ae300000, 0x00000000ae300000| Complete 
| 740|0x00000000ae400000, 0x00000000ae500000, 0x00000000ae500000|100%| E|CS|TAMS 0x00000000ae400000, 0x00000000ae400000| Complete 
| 741|0x00000000ae500000, 0x00000000ae600000, 0x00000000ae600000|100%| E|CS|TAMS 0x00000000ae500000, 0x00000000ae500000| Complete 
| 742|0x00000000ae600000, 0x00000000ae700000, 0x00000000ae700000|100%| E|CS|TAMS 0x00000000ae600000, 0x00000000ae600000| Complete 
| 743|0x00000000ae700000, 0x00000000ae800000, 0x00000000ae800000|100%| E|CS|TAMS 0x00000000ae700000, 0x00000000ae700000| Complete 
| 744|0x00000000ae800000, 0x00000000ae900000, 0x00000000ae900000|100%| E|CS|TAMS 0x00000000ae800000, 0x00000000ae800000| Complete 
| 745|0x00000000ae900000, 0x00000000aea00000, 0x00000000aea00000|100%| E|CS|TAMS 0x00000000ae900000, 0x00000000ae900000| Complete 
| 746|0x00000000aea00000, 0x00000000aeb00000, 0x00000000aeb00000|100%| E|CS|TAMS 0x00000000aea00000, 0x00000000aea00000| Complete 
| 747|0x00000000aeb00000, 0x00000000aec00000, 0x00000000aec00000|100%| E|CS|TAMS 0x00000000aeb00000, 0x00000000aeb00000| Complete 
| 748|0x00000000aec00000, 0x00000000aed00000, 0x00000000aed00000|100%| E|CS|TAMS 0x00000000aec00000, 0x00000000aec00000| Complete 
| 749|0x00000000aed00000, 0x00000000aee00000, 0x00000000aee00000|100%| E|CS|TAMS 0x00000000aed00000, 0x00000000aed00000| Complete 
| 750|0x00000000aee00000, 0x00000000aef00000, 0x00000000aef00000|100%| E|CS|TAMS 0x00000000aee00000, 0x00000000aee00000| Complete 
| 751|0x00000000aef00000, 0x00000000af000000, 0x00000000af000000|100%| E|CS|TAMS 0x00000000aef00000, 0x00000000aef00000| Complete 
| 752|0x00000000af000000, 0x00000000af100000, 0x00000000af100000|100%| E|CS|TAMS 0x00000000af000000, 0x00000000af000000| Complete 
| 753|0x00000000af100000, 0x00000000af200000, 0x00000000af200000|100%| E|CS|TAMS 0x00000000af100000, 0x00000000af100000| Complete 
| 754|0x00000000af200000, 0x00000000af300000, 0x00000000af300000|100%| E|CS|TAMS 0x00000000af200000, 0x00000000af200000| Complete 
| 755|0x00000000af300000, 0x00000000af400000, 0x00000000af400000|100%| E|CS|TAMS 0x00000000af300000, 0x00000000af300000| Complete 
| 756|0x00000000af400000, 0x00000000af500000, 0x00000000af500000|100%| E|CS|TAMS 0x00000000af400000, 0x00000000af400000| Complete 
| 757|0x00000000af500000, 0x00000000af600000, 0x00000000af600000|100%| E|CS|TAMS 0x00000000af500000, 0x00000000af500000| Complete 
| 758|0x00000000af600000, 0x00000000af700000, 0x00000000af700000|100%| E|CS|TAMS 0x00000000af600000, 0x00000000af600000| Complete 
| 759|0x00000000af700000, 0x00000000af800000, 0x00000000af800000|100%| E|CS|TAMS 0x00000000af700000, 0x00000000af700000| Complete 
| 760|0x00000000af800000, 0x00000000af900000, 0x00000000af900000|100%| E|CS|TAMS 0x00000000af800000, 0x00000000af800000| Complete 
| 761|0x00000000af900000, 0x00000000afa00000, 0x00000000afa00000|100%| E|CS|TAMS 0x00000000af900000, 0x00000000af900000| Complete 
| 762|0x00000000afa00000, 0x00000000afb00000, 0x00000000afb00000|100%| E|CS|TAMS 0x00000000afa00000, 0x00000000afa00000| Complete 
| 763|0x00000000afb00000, 0x00000000afc00000, 0x00000000afc00000|100%| E|CS|TAMS 0x00000000afb00000, 0x00000000afb00000| Complete 
| 764|0x00000000afc00000, 0x00000000afd00000, 0x00000000afd00000|100%| E|CS|TAMS 0x00000000afc00000, 0x00000000afc00000| Complete 
| 765|0x00000000afd00000, 0x00000000afe00000, 0x00000000afe00000|100%| E|CS|TAMS 0x00000000afd00000, 0x00000000afd00000| Complete 
| 766|0x00000000afe00000, 0x00000000aff00000, 0x00000000aff00000|100%| E|CS|TAMS 0x00000000afe00000, 0x00000000afe00000| Complete 
| 767|0x00000000aff00000, 0x00000000b0000000, 0x00000000b0000000|100%| E|CS|TAMS 0x00000000aff00000, 0x00000000aff00000| Complete 
| 768|0x00000000b0000000, 0x00000000b0100000, 0x00000000b0100000|100%| E|CS|TAMS 0x00000000b0000000, 0x00000000b0000000| Complete 
| 769|0x00000000b0100000, 0x00000000b0200000, 0x00000000b0200000|100%| E|CS|TAMS 0x00000000b0100000, 0x00000000b0100000| Complete 

Card table byte_map: [0x00000200fe1d0000,0x00000200fe5d0000] _byte_map_base: 0x00000200fddd0000

Marking Bits (Prev, Next): (CMBitMap*) 0x00000200fda52e70, (CMBitMap*) 0x00000200fda52e30
 Prev Bits: [0x0000020098ac0000, 0x000002009aac0000)
 Next Bits: [0x0000020096ac0000, 0x0000020098ac0000)

Polling page: 0x00000200fb7a0000

Metaspace:

Usage:
  Non-class:    210.69 MB used.
      Class:     28.33 MB used.
       Both:    239.02 MB used.

Virtual space:
  Non-class space:      256.00 MB reserved,     211.50 MB ( 83%) committed,  4 nodes.
      Class space:        1.00 GB reserved,      29.19 MB (  3%) committed,  1 nodes.
             Both:        1.25 GB reserved,     240.69 MB ( 19%) committed. 

Chunk freelists:
   Non-Class:  12.41 MB
       Class:  2.83 MB
        Both:  15.23 MB

MaxMetaspaceSize: unlimited
CompressedClassSpaceSize: 1.00 GB
Initial GC threshold: 21.00 MB
Current GC threshold: 364.38 MB
CDS: on
MetaspaceReclaimPolicy: balanced
 - commit_granule_bytes: 65536.
 - commit_granule_words: 8192.
 - virtual_space_node_default_size: 8388608.
 - enlarge_chunks_in_place: 1.
 - new_chunks_are_fully_committed: 0.
 - uncommit_free_chunks: 1.
 - use_allocation_guard: 0.
 - handle_deallocations: 1.


Internal statistics:

num_allocs_failed_limit: 15.
num_arena_births: 2880.
num_arena_deaths: 2.
num_vsnodes_births: 5.
num_vsnodes_deaths: 0.
num_space_committed: 3867.
num_space_uncommitted: 19.
num_chunks_returned_to_freelist: 188.
num_chunks_taken_from_freelist: 13023.
num_chunk_merges: 31.
num_chunk_splits: 9148.
num_chunks_enlarged: 6595.
num_inconsistent_stats: 0.

CodeHeap 'non-profiled nmethods': size=120000Kb used=27544Kb max_used=28182Kb free=92455Kb
 bounds [0x000002008f590000, 0x0000020091130000, 0x0000020096ac0000]
CodeHeap 'profiled nmethods': size=120000Kb used=102619Kb max_used=104389Kb free=17380Kb
 bounds [0x0000020087ac0000, 0x000002008e130000, 0x000002008eff0000]
CodeHeap 'non-nmethods': size=5760Kb used=2157Kb max_used=2309Kb free=3602Kb
 bounds [0x000002008eff0000, 0x000002008f260000, 0x000002008f590000]
 total_blobs=37001 nmethods=35682 adapters=1227
 compilation: enabled
              stopped_count=0, restarted_count=0
 full_count=0

Compilation events (20 events):
Event: 172.746 Thread 0x000002009caf15f0 45450       3       kotlin.reflect.jvm.internal.impl.name.FqNameUnsafe::hashCode (8 bytes)
Event: 172.746 Thread 0x000002009caf15f0 nmethod 45450 0x000002008b8eaa90 code [0x000002008b8eac40, 0x000002008b8ead88]
Event: 172.755 Thread 0x000002010a09e590 nmethod 45429 0x000002008fdbb690 code [0x000002008fdbb8c0, 0x000002008fdbd5c0]
Event: 172.755 Thread 0x000002010a09e590 45434       4       kotlin.io.ByteStreamsKt::copyTo (60 bytes)
Event: 172.756 Thread 0x000002009caf15f0 45453       2       java.util.LinkedHashMap::afterNodeInsertion (40 bytes)
Event: 172.762 Thread 0x000002009caf15f0 nmethod 45453 0x000002008b3c1c90 code [0x000002008b3c1e60, 0x000002008b3c2068]
Event: 172.763 Thread 0x000002009caf15f0 45456       2       java.net.URL::<init> (7 bytes)
Event: 172.764 Thread 0x000002009caf15f0 nmethod 45456 0x00000200885cf490 code [0x00000200885cf640, 0x00000200885cf768]
Event: 172.772 Thread 0x000002010a09e590 nmethod 45434 0x0000020090f3b810 code [0x0000020090f3b9e0, 0x0000020090f3c5e8]
Event: 172.772 Thread 0x000002010a09e590 45454       4       java.util.HashSet::add (20 bytes)
Event: 172.784 Thread 0x000002009caf15f0 45461       2       org.objectweb.asm.ClassReader::readConst (276 bytes)
Event: 172.785 Thread 0x000002009caf15f0 nmethod 45461 0x0000020087f81f10 code [0x0000020087f82260, 0x0000020087f82e28]
Event: 172.814 Thread 0x000002009caf15f0 45462       3       java.util.LinkedHashMap$LinkedValues::toArray (18 bytes)
Event: 172.815 Thread 0x000002009caf15f0 nmethod 45462 0x0000020088518190 code [0x0000020088518340, 0x0000020088518528]
Event: 172.817 Thread 0x000002009caf15f0 45463       3       kotlin.collections.CollectionsKt__CollectionsKt::mutableListOf (40 bytes)
Event: 172.818 Thread 0x000002009caf15f0 nmethod 45463 0x000002008cdc4010 code [0x000002008cdc4380, 0x000002008cdc5788]
Event: 172.846 Thread 0x000002010a09e590 nmethod 45454 0x00000200900e0490 code [0x00000200900e0700, 0x00000200900e2890]
Event: 172.847 Thread 0x000002010a09e590 45459       4       java.util.LinkedHashMap::afterNodeInsertion (40 bytes)
Event: 172.847 Thread 0x000002010a09e590 nmethod 45459 0x000002008fda8090 code [0x000002008fda8220, 0x000002008fda82f8]
Event: 172.847 Thread 0x000002010a09e590 45455       4       kotlin.sequences.SequencesKt___SequencesKt::lastOrNull (52 bytes)

GC Heap History (20 events):
Event: 130.439 GC heap before
{Heap before GC invocations=104 (full 0):
 garbage-first heap   total 557056K, used 486567K [0x0000000080000000, 0x0000000100000000)
  region size 1024K, 49 young (50176K), 7 survivors (7168K)
 Metaspace       used 223486K, committed 225088K, reserved 1310720K
  class space    used 26736K, committed 27520K, reserved 1048576K
}
Event: 130.444 GC heap after
{Heap after GC invocations=105 (full 0):
 garbage-first heap   total 557056K, used 444801K [0x0000000080000000, 0x0000000100000000)
  region size 1024K, 3 young (3072K), 3 survivors (3072K)
 Metaspace       used 223486K, committed 225088K, reserved 1310720K
  class space    used 26736K, committed 27520K, reserved 1048576K
}
Event: 130.536 GC heap before
{Heap before GC invocations=105 (full 0):
 garbage-first heap   total 557056K, used 487809K [0x0000000080000000, 0x0000000100000000)
  region size 1024K, 45 young (46080K), 3 survivors (3072K)
 Metaspace       used 223490K, committed 225088K, reserved 1310720K
  class space    used 26736K, committed 27520K, reserved 1048576K
}
Event: 130.539 GC heap after
{Heap after GC invocations=106 (full 0):
 garbage-first heap   total 557056K, used 447404K [0x0000000080000000, 0x0000000100000000)
  region size 1024K, 5 young (5120K), 5 survivors (5120K)
 Metaspace       used 223490K, committed 225088K, reserved 1310720K
  class space    used 26736K, committed 27520K, reserved 1048576K
}
Event: 130.649 GC heap before
{Heap before GC invocations=106 (full 0):
 garbage-first heap   total 557056K, used 488364K [0x0000000080000000, 0x0000000100000000)
  region size 1024K, 45 young (46080K), 5 survivors (5120K)
 Metaspace       used 223520K, committed 225088K, reserved 1310720K
  class space    used 26736K, committed 27520K, reserved 1048576K
}
Event: 130.653 GC heap after
{Heap after GC invocations=107 (full 0):
 garbage-first heap   total 557056K, used 449329K [0x0000000080000000, 0x0000000100000000)
  region size 1024K, 4 young (4096K), 4 survivors (4096K)
 Metaspace       used 223520K, committed 225088K, reserved 1310720K
  class space    used 26736K, committed 27520K, reserved 1048576K
}
Event: 131.395 GC heap before
{Heap before GC invocations=108 (full 0):
 garbage-first heap   total 788480K, used 471857K [0x0000000080000000, 0x0000000100000000)
  region size 1024K, 42 young (43008K), 4 survivors (4096K)
 Metaspace       used 220012K, committed 223872K, reserved 1310720K
  class space    used 26402K, committed 27520K, reserved 1048576K
}
Event: 131.403 GC heap after
{Heap after GC invocations=109 (full 0):
 garbage-first heap   total 788480K, used 435774K [0x0000000080000000, 0x0000000100000000)
  region size 1024K, 4 young (4096K), 4 survivors (4096K)
 Metaspace       used 220012K, committed 223872K, reserved 1310720K
  class space    used 26402K, committed 27520K, reserved 1048576K
}
Event: 131.976 GC heap before
{Heap before GC invocations=109 (full 0):
 garbage-first heap   total 788480K, used 470590K [0x0000000080000000, 0x0000000100000000)
  region size 1024K, 38 young (38912K), 4 survivors (4096K)
 Metaspace       used 220495K, committed 223872K, reserved 1310720K
  class space    used 26449K, committed 27520K, reserved 1048576K
}
Event: 131.982 GC heap after
{Heap after GC invocations=110 (full 0):
 garbage-first heap   total 788480K, used 359562K [0x0000000080000000, 0x0000000100000000)
  region size 1024K, 1 young (1024K), 1 survivors (1024K)
 Metaspace       used 220495K, committed 223872K, reserved 1310720K
  class space    used 26449K, committed 27520K, reserved 1048576K
}
Event: 133.985 GC heap before
{Heap before GC invocations=110 (full 0):
 garbage-first heap   total 788480K, used 396426K [0x0000000080000000, 0x0000000100000000)
  region size 1024K, 38 young (38912K), 1 survivors (1024K)
 Metaspace       used 220817K, committed 223872K, reserved 1310720K
  class space    used 26501K, committed 27520K, reserved 1048576K
}
Event: 134.001 GC heap after
{Heap after GC invocations=111 (full 0):
 garbage-first heap   total 788480K, used 329183K [0x0000000080000000, 0x0000000100000000)
  region size 1024K, 2 young (2048K), 2 survivors (2048K)
 Metaspace       used 220817K, committed 223872K, reserved 1310720K
  class space    used 26501K, committed 27520K, reserved 1048576K
}
Event: 159.301 GC heap before
{Heap before GC invocations=111 (full 0):
 garbage-first heap   total 788480K, used 628191K [0x0000000080000000, 0x0000000100000000)
  region size 1024K, 287 young (293888K), 2 survivors (2048K)
 Metaspace       used 228085K, committed 229696K, reserved 1310720K
  class space    used 27164K, committed 28032K, reserved 1048576K
}
Event: 159.308 GC heap after
{Heap after GC invocations=112 (full 0):
 garbage-first heap   total 788480K, used 344306K [0x0000000080000000, 0x0000000100000000)
  region size 1024K, 11 young (11264K), 11 survivors (11264K)
 Metaspace       used 228085K, committed 229696K, reserved 1310720K
  class space    used 27164K, committed 28032K, reserved 1048576K
}
Event: 171.097 GC heap before
{Heap before GC invocations=112 (full 0):
 garbage-first heap   total 788480K, used 649458K [0x0000000080000000, 0x0000000100000000)
  region size 1024K, 309 young (316416K), 11 survivors (11264K)
 Metaspace       used 241981K, committed 243712K, reserved 1310720K
  class space    used 28688K, committed 29568K, reserved 1048576K
}
Event: 171.110 GC heap after
{Heap after GC invocations=113 (full 0):
 garbage-first heap   total 788480K, used 359554K [0x0000000080000000, 0x0000000100000000)
  region size 1024K, 26 young (26624K), 26 survivors (26624K)
 Metaspace       used 241981K, committed 243712K, reserved 1310720K
  class space    used 28688K, committed 29568K, reserved 1048576K
}
Event: 172.381 GC heap before
{Heap before GC invocations=113 (full 0):
 garbage-first heap   total 788480K, used 654466K [0x0000000080000000, 0x0000000100000000)
  region size 1024K, 314 young (321536K), 26 survivors (26624K)
 Metaspace       used 243797K, committed 245504K, reserved 1310720K
  class space    used 28873K, committed 29760K, reserved 1048576K
}
Event: 172.396 GC heap after
{Heap after GC invocations=114 (full 0):
 garbage-first heap   total 788480K, used 367654K [0x0000000080000000, 0x0000000100000000)
  region size 1024K, 23 young (23552K), 23 survivors (23552K)
 Metaspace       used 243797K, committed 245504K, reserved 1310720K
  class space    used 28873K, committed 29760K, reserved 1048576K
}
Event: 172.822 GC heap before
{Heap before GC invocations=114 (full 0):
 garbage-first heap   total 788480K, used 661542K [0x0000000080000000, 0x0000000100000000)
  region size 1024K, 310 young (317440K), 23 survivors (23552K)
 Metaspace       used 244731K, committed 246464K, reserved 1310720K
  class space    used 29002K, committed 29888K, reserved 1048576K
}
Event: 172.836 GC heap after
{Heap after GC invocations=115 (full 0):
 garbage-first heap   total 788480K, used 377263K [0x0000000080000000, 0x0000000100000000)
  region size 1024K, 18 young (18432K), 18 survivors (18432K)
 Metaspace       used 244731K, committed 246464K, reserved 1310720K
  class space    used 29002K, committed 29888K, reserved 1048576K
}

Dll operation events (16 events):
Event: 0.006 Loaded shared library C:\Program Files\Microsoft\jdk-17.0.18.8-hotspot\bin\java.dll
Event: 0.019 Loaded shared library C:\Program Files\Microsoft\jdk-17.0.18.8-hotspot\bin\jsvml.dll
Event: 0.057 Loaded shared library C:\Program Files\Microsoft\jdk-17.0.18.8-hotspot\bin\zip.dll
Event: 0.059 Loaded shared library C:\Program Files\Microsoft\jdk-17.0.18.8-hotspot\bin\instrument.dll
Event: 0.062 Loaded shared library C:\Program Files\Microsoft\jdk-17.0.18.8-hotspot\bin\net.dll
Event: 0.063 Loaded shared library C:\Program Files\Microsoft\jdk-17.0.18.8-hotspot\bin\nio.dll
Event: 0.065 Loaded shared library C:\Program Files\Microsoft\jdk-17.0.18.8-hotspot\bin\zip.dll
Event: 0.233 Loaded shared library C:\Program Files\Microsoft\jdk-17.0.18.8-hotspot\bin\jimage.dll
Event: 0.388 Loaded shared library C:\Program Files\Microsoft\jdk-17.0.18.8-hotspot\bin\verify.dll
Event: 0.416 Loaded shared library D:\gradle_cache\native\1def1411415f61bf3af743bc5b6707747c0891f09f0c88961ee8f79bc544acac\windows-amd64\native-platform.dll
Event: 0.426 Loaded shared library D:\gradle_cache\native\0.2.8\x86_64-windows-gnu\gradle-fileevents.dll
Event: 1.161 Loaded shared library C:\Program Files\Microsoft\jdk-17.0.18.8-hotspot\bin\management.dll
Event: 1.164 Loaded shared library C:\Program Files\Microsoft\jdk-17.0.18.8-hotspot\bin\management_ext.dll
Event: 1.442 Loaded shared library C:\Program Files\Microsoft\jdk-17.0.18.8-hotspot\bin\extnet.dll
Event: 1.653 Loaded shared library C:\Program Files\Microsoft\jdk-17.0.18.8-hotspot\bin\sunmscapi.dll
Event: 49.091 Loaded shared library C:\Program Files\Microsoft\jdk-17.0.18.8-hotspot\bin\rmi.dll

Deoptimization events (20 events):
Event: 172.537 Thread 0x00000200ea5bb010 DEOPT PACKING pc=0x0000020089b94357 sp=0x0000007725ffe2c0
Event: 172.537 Thread 0x00000200ea5bb010 DEOPT UNPACKING pc=0x000002008f047143 sp=0x0000007725ffd7a0 mode 0
Event: 172.568 Thread 0x00000200ea5bb010 Uncommon trap: trap_request=0xffffff45 fr.pc=0x00000200910ca8e8 relative=0x0000000000001428
Event: 172.568 Thread 0x00000200ea5bb010 Uncommon trap: reason=unstable_if action=reinterpret pc=0x00000200910ca8e8 method=com.android.tools.profgen.MutablePrefixTree$prefixIterator$1.invokeSuspend(Ljava/lang/Object;)Ljava/lang/Object; @ 9 c2
Event: 172.568 Thread 0x00000200ea5bb010 DEOPT PACKING pc=0x00000200910ca8e8 sp=0x0000007725ffd9e0
Event: 172.568 Thread 0x00000200ea5bb010 DEOPT UNPACKING pc=0x000002008f0469a3 sp=0x0000007725ffd9b8 mode 2
Event: 172.605 Thread 0x00000200ea5bb010 Uncommon trap: trap_request=0xffffff45 fr.pc=0x000002009023adf8 relative=0x00000000000001d8
Event: 172.605 Thread 0x00000200ea5bb010 Uncommon trap: reason=unstable_if action=reinterpret pc=0x000002009023adf8 method=org.objectweb.asm.ClassReader.readElementValue(Lorg/objectweb/asm/AnnotationVisitor;ILjava/lang/String;[C)I @ 18 c2
Event: 172.605 Thread 0x00000200ea5bb010 DEOPT PACKING pc=0x000002009023adf8 sp=0x0000007725ffdfb0
Event: 172.605 Thread 0x00000200ea5bb010 DEOPT UNPACKING pc=0x000002008f0469a3 sp=0x0000007725ffdef0 mode 2
Event: 172.641 Thread 0x00000200ea5bb010 DEOPT PACKING pc=0x00000200883f66e0 sp=0x0000007725ffe2c0
Event: 172.641 Thread 0x00000200ea5bb010 DEOPT UNPACKING pc=0x000002008f047143 sp=0x0000007725ffd7a0 mode 0
Event: 172.648 Thread 0x00000200ea5bb010 DEOPT PACKING pc=0x00000200883f66e0 sp=0x0000007725ffe2c0
Event: 172.648 Thread 0x00000200ea5bb010 DEOPT UNPACKING pc=0x000002008f047143 sp=0x0000007725ffd7a0 mode 0
Event: 172.685 Thread 0x00000200ea5bb010 Uncommon trap: trap_request=0xffffff45 fr.pc=0x00000200900c7b78 relative=0x0000000000000838
Event: 172.685 Thread 0x00000200ea5bb010 Uncommon trap: reason=unstable_if action=reinterpret pc=0x00000200900c7b78 method=org.objectweb.asm.ClassReader.readUtf(II[C)Ljava/lang/String; @ 41 c2
Event: 172.685 Thread 0x00000200ea5bb010 DEOPT PACKING pc=0x00000200900c7b78 sp=0x0000007725ffdda0
Event: 172.685 Thread 0x00000200ea5bb010 DEOPT UNPACKING pc=0x000002008f0469a3 sp=0x0000007725ffdcc8 mode 2
Event: 172.723 Thread 0x00000200ea5bb010 DEOPT PACKING pc=0x000002008c6b944f sp=0x0000007725ffe0a0
Event: 172.723 Thread 0x00000200ea5bb010 DEOPT UNPACKING pc=0x000002008f047143 sp=0x0000007725ffd6f0 mode 0

Classes loaded (20 events):
Event: 154.899 Loading class javax/management/NotCompliantMBeanException
Event: 154.900 Loading class javax/management/NotCompliantMBeanException done
Event: 154.900 Loading class javax/management/AttributeNotFoundException
Event: 154.900 Loading class javax/management/AttributeNotFoundException done
Event: 154.900 Loading class javax/management/ReflectionException
Event: 154.900 Loading class javax/management/ReflectionException done
Event: 154.900 Loading class javax/management/InstanceNotFoundException
Event: 154.900 Loading class javax/management/InstanceNotFoundException done
Event: 154.940 Loading class sun/reflect/misc/MethodUtil
Event: 154.941 Loading class sun/reflect/misc/MethodUtil done
Event: 154.941 Loading class sun/reflect/misc/MethodUtil$1
Event: 154.941 Loading class sun/reflect/misc/MethodUtil$1 done
Event: 157.971 Loading class java/util/regex/PatternSyntaxException
Event: 157.971 Loading class java/util/regex/PatternSyntaxException done
Event: 158.535 Loading class java/util/regex/Pattern$Caret
Event: 158.536 Loading class java/util/regex/Pattern$Caret done
Event: 160.419 Loading class java/time/format/DateTimeParseException
Event: 160.420 Loading class java/time/format/DateTimeParseException done
Event: 161.264 Loading class java/util/regex/Pattern$Bound
Event: 161.264 Loading class java/util/regex/Pattern$Bound done

Classes unloaded (20 events):
Event: 130.996 Thread 0x00000200ff43ff00 Unloading class 0x000002009f4a5100 'androidx/compose/compiler/plugins/kotlin/inference/NodeAdapter'
Event: 130.996 Thread 0x00000200ff43ff00 Unloading class 0x000002009f4a4ed0 'androidx/compose/compiler/plugins/kotlin/k1/ComposableTargetChecker$infer$1'
Event: 130.996 Thread 0x00000200ff43ff00 Unloading class 0x000002009f4a4cd8 'androidx/compose/compiler/plugins/kotlin/inference/TypeAdapter'
Event: 130.996 Thread 0x00000200ff43ff00 Unloading class 0x000002009f4a4aa0 'androidx/compose/compiler/plugins/kotlin/k1/ComposableTargetChecker'
Event: 130.996 Thread 0x00000200ff43ff00 Unloading class 0x000002009f4a4870 'androidx/compose/compiler/plugins/kotlin/k1/ComposableDeclarationChecker'
Event: 130.996 Thread 0x00000200ff43ff00 Unloading class 0x000002009f4a4600 'androidx/compose/compiler/plugins/kotlin/k1/ComposableCallChecker'
Event: 130.996 Thread 0x00000200ff43ff00 Unloading class 0x000002009f4a4400 'androidx/compose/compiler/plugins/kotlin/ComposeFqNamesKt'
Event: 130.996 Thread 0x00000200ff43ff00 Unloading class 0x000002009f4a4200 'androidx/compose/compiler/plugins/kotlin/ComposeClassIds'
Event: 130.996 Thread 0x00000200ff43ff00 Unloading class 0x000002009f4a4000 'androidx/compose/compiler/plugins/kotlin/ComposeConfiguration'
Event: 130.996 Thread 0x00000200ff43ff00 Unloading class 0x000002009f49bcf8 'org/jetbrains/kotlinx/serialization/compiler/extensions/SerializationPluginOptions$Companion'
Event: 130.996 Thread 0x00000200ff43ff00 Unloading class 0x000002009f49ba98 'org/jetbrains/kotlinx/serialization/compiler/extensions/SerializationPluginOptions'
Event: 130.996 Thread 0x00000200ff43ff00 Unloading class 0x000002009f49b898 'androidx/compose/compiler/plugins/kotlin/ComposePluginKt'
Event: 130.996 Thread 0x00000200ff43ff00 Unloading class 0x000002009f49b698 'androidx/compose/compiler/plugins/kotlin/FeatureFlag$Companion'
Event: 130.996 Thread 0x00000200ff43ff00 Unloading class 0x000002009f49b260 'androidx/compose/compiler/plugins/kotlin/FeatureFlag'
Event: 130.996 Thread 0x00000200ff43ff00 Unloading class 0x000002009f49a600 'androidx/compose/compiler/plugins/kotlin/ComposeCommandLineProcessor$Companion'
Event: 130.996 Thread 0x00000200ff43ff00 Unloading class 0x000002009f49b000 'androidx/compose/compiler/plugins/kotlin/ComposeCommandLineProcessor'
Event: 130.996 Thread 0x00000200ff43ff00 Unloading class 0x000002009f49a400 'org/jetbrains/kotlinx/serialization/compiler/extensions/SerializationComponentRegistrar$Companion'
Event: 130.996 Thread 0x00000200ff43ff00 Unloading class 0x000002009f49ac18 'org/jetbrains/kotlinx/serialization/compiler/extensions/SerializationComponentRegistrar'
Event: 130.996 Thread 0x00000200ff43ff00 Unloading class 0x000002009f49aa18 'androidx/compose/compiler/plugins/kotlin/ComposePluginRegistrar$Companion'
Event: 130.996 Thread 0x00000200ff43ff00 Unloading class 0x000002009f49a800 'androidx/compose/compiler/plugins/kotlin/ComposePluginRegistrar'

Classes redefined (0 events):
No events

Internal exceptions (20 events):
Event: 149.894 Thread 0x00000200e9771740 Implicit null exception at 0x0000020090f3b30b to 0x0000020090f3b6e0
Event: 149.895 Thread 0x00000200e9770d20 Implicit null exception at 0x0000020090f3c20b to 0x0000020090f3c5e0
Event: 152.863 Thread 0x00000200e9771c50 Exception <a 'sun/nio/fs/WindowsException'{0x00000000a7882480}> (0x00000000a7882480) 
thrown [s\src\hotspot\share\prims\jni.cpp, line 516]
Event: 152.879 Thread 0x00000200e9772160 Exception <a 'sun/nio/fs/WindowsException'{0x00000000a7898de0}> (0x00000000a7898de0) 
thrown [s\src\hotspot\share\prims\jni.cpp, line 516]
Event: 152.882 Thread 0x00000200e9771c50 Exception <a 'sun/nio/fs/WindowsException'{0x00000000a78838f0}> (0x00000000a78838f0) 
thrown [s\src\hotspot\share\prims\jni.cpp, line 516]
Event: 152.885 Thread 0x00000200e9771c50 Exception <a 'sun/nio/fs/WindowsException'{0x00000000a7884e20}> (0x00000000a7884e20) 
thrown [s\src\hotspot\share\prims\jni.cpp, line 516]
Event: 152.905 Thread 0x00000200e9771c50 Exception <a 'sun/nio/fs/WindowsException'{0x00000000a770a2c0}> (0x00000000a770a2c0) 
thrown [s\src\hotspot\share\prims\jni.cpp, line 516]
Event: 154.601 Thread 0x00000200e9772160 Exception <a 'sun/nio/fs/WindowsException'{0x00000000a5341028}> (0x00000000a5341028) 
thrown [s\src\hotspot\share\prims\jni.cpp, line 516]
Event: 154.605 Thread 0x00000200e9772160 Exception <a 'sun/nio/fs/WindowsException'{0x00000000a5342380}> (0x00000000a5342380) 
thrown [s\src\hotspot\share\prims\jni.cpp, line 516]
Event: 154.610 Thread 0x00000200e9772160 Exception <a 'sun/nio/fs/WindowsException'{0x00000000a5343798}> (0x00000000a5343798) 
thrown [s\src\hotspot\share\prims\jni.cpp, line 516]
Event: 154.628 Thread 0x00000200e9772160 Exception <a 'sun/nio/fs/WindowsException'{0x00000000a5344b88}> (0x00000000a5344b88) 
thrown [s\src\hotspot\share\prims\jni.cpp, line 516]
Event: 154.941 Thread 0x00000200e4ffb690 Implicit null exception at 0x000002008f7c03d4 to 0x000002008f7c0580
Event: 154.941 Thread 0x00000200e4ffb690 Implicit null exception at 0x000002009042a784 to 0x000002009042cc00
Event: 158.493 Thread 0x00000200e4ffb690 Exception <a 'java/lang/NoSuchMethodError'{0x000000009fa4bce8}: 'java.lang.Object java.lang.invoke.DirectMethodHandle$Holder.invokeSpecial(java.lang.Object, java.lang.Object, long, java.lang.Object, java.lang.Object, java.lang.Object, java.lang.Object, int, java.lang.Object, int)'> (0x000000009fa4bce8) 
thrown [s\src\hotspot\share\interpreter\linkResolver.cpp, line 759]
Event: 158.493 Thread 0x00000200e4ffb690 Exception <a 'java/lang/NoSuchMethodError'{0x000000009fa507a8}: 'java.lang.Object java.lang.invoke.DelegatingMethodHandle$Holder.reinvoke_L(java.lang.Object, long, java.lang.Object, java.lang.Object, java.lang.Object, java.lang.Object, int, java.lang.Object, int)'> (0x000000009fa507a8) 
thrown [s\src\hotspot\share\interpreter\linkResolver.cpp, line 759]
Event: 164.705 Thread 0x00000200e4ffb690 Exception <a 'sun/nio/fs/WindowsException'{0x00000000ab5fcc18}> (0x00000000ab5fcc18) 
thrown [s\src\hotspot\share\prims\jni.cpp, line 516]
Event: 168.786 Thread 0x00000200e9770d20 Exception <a 'sun/nio/fs/WindowsException'{0x00000000a90f7550}> (0x00000000a90f7550) 
thrown [s\src\hotspot\share\prims\jni.cpp, line 516]
Event: 168.786 Thread 0x00000200e9770d20 Exception <a 'sun/nio/fs/WindowsException'{0x00000000a90f8428}> (0x00000000a90f8428) 
thrown [s\src\hotspot\share\prims\jni.cpp, line 516]
Event: 168.786 Thread 0x00000200e9770d20 Exception <a 'sun/nio/fs/WindowsException'{0x00000000a90f85c8}> (0x00000000a90f85c8) 
thrown [s\src\hotspot\share\prims\jni.cpp, line 516]
Event: 169.264 Thread 0x00000200e4ffb690 Exception <a 'sun/nio/fs/WindowsException'{0x00000000a7c3c698}> (0x00000000a7c3c698) 
thrown [s\src\hotspot\share\prims\jni.cpp, line 516]

VM Operations (20 events):
Event: 171.259 Executing VM operation: HandshakeAllThreads
Event: 171.259 Executing VM operation: HandshakeAllThreads done
Event: 171.533 Executing VM operation: HandshakeAllThreads
Event: 171.533 Executing VM operation: HandshakeAllThreads done
Event: 172.091 Executing VM operation: HandshakeAllThreads
Event: 172.091 Executing VM operation: HandshakeAllThreads done
Event: 172.269 Executing VM operation: HandshakeAllThreads
Event: 172.269 Executing VM operation: HandshakeAllThreads done
Event: 172.269 Executing VM operation: Cleanup
Event: 172.269 Executing VM operation: Cleanup done
Event: 172.381 Executing VM operation: G1CollectForAllocation
Event: 172.397 Executing VM operation: G1CollectForAllocation done
Event: 172.754 Executing VM operation: HandshakeAllThreads
Event: 172.755 Executing VM operation: HandshakeAllThreads done
Event: 172.755 Executing VM operation: HandshakeAllThreads
Event: 172.755 Executing VM operation: HandshakeAllThreads done
Event: 172.760 Executing VM operation: HandshakeAllThreads
Event: 172.762 Executing VM operation: HandshakeAllThreads done
Event: 172.822 Executing VM operation: G1CollectForAllocation
Event: 172.836 Executing VM operation: G1CollectForAllocation done

Memory protections (0 events):
No events

Nmethod flushes (20 events):
Event: 172.154 Thread 0x000002009caf3b20 flushing  nmethod 0x000002008dd2e010
Event: 172.155 Thread 0x000002009caf3b20 flushing  nmethod 0x000002008de9cd10
Event: 172.155 Thread 0x000002009caf3b20 flushing  nmethod 0x000002008de9d310
Event: 172.155 Thread 0x000002009caf3b20 flushing  nmethod 0x000002008de9d810
Event: 172.155 Thread 0x000002009caf3b20 flushing  nmethod 0x000002008de9df90
Event: 172.155 Thread 0x000002009caf3b20 flushing  nmethod 0x000002008de9e890
Event: 172.157 Thread 0x000002009caf3b20 flushing  nmethod 0x000002008e106d90
Event: 172.771 Thread 0x000002009caf3b20 flushing  nmethod 0x0000020090edc010
Event: 172.771 Thread 0x000002009caf3b20 flushing  nmethod 0x0000020091065790
Event: 172.800 Thread 0x000002009caf3b20 flushing  nmethod 0x000002008a543910
Event: 172.801 Thread 0x000002009caf3b20 flushing  nmethod 0x000002008a613d90
Event: 172.801 Thread 0x000002009caf3b20 flushing  nmethod 0x000002008a615b90
Event: 172.812 Thread 0x000002009caf3b20 flushing  nmethod 0x000002008b84a710
Event: 172.818 Thread 0x000002009caf3b20 flushing  nmethod 0x000002008c1b1090
Event: 172.820 Thread 0x000002009caf3b20 flushing  nmethod 0x000002008c55d790
Event: 172.821 Thread 0x000002009caf3b20 flushing  nmethod 0x000002008c5c4410
Event: 172.839 Thread 0x000002009caf3b20 flushing  nmethod 0x000002008cd13010
Event: 172.840 Thread 0x000002009caf3b20 flushing  nmethod 0x000002008ce68610
Event: 172.841 Thread 0x000002009caf3b20 flushing  nmethod 0x000002008d005d90
Event: 172.842 Thread 0x000002009caf3b20 flushing  nmethod 0x000002008d16a310

Events (20 events):
Event: 168.864 Thread 0x00000200e9771740 Thread added: 0x00000200eb6a2010
Event: 168.864 Thread 0x00000200e9771740 Thread added: 0x00000200eb69e860
Event: 168.865 Thread 0x00000200e9771740 Thread added: 0x00000200eb6a2520
Event: 168.865 Thread 0x00000200e9771740 Thread added: 0x00000200eb69ed70
Event: 168.865 Thread 0x00000200e9771740 Thread added: 0x00000200eb6a2a30
Event: 168.877 Thread 0x000002009caf15f0 Thread added: 0x00000200f6769670
Event: 169.229 Thread 0x00000200f6769670 Thread exited: 0x00000200f6769670
Event: 169.296 Thread 0x000002009caf15f0 Thread added: 0x000002010a0a0020
Event: 169.328 Thread 0x000002009caf15f0 Thread added: 0x000002010a09f580
Event: 169.890 Thread 0x000002010a09f580 Thread exited: 0x000002010a09f580
Event: 170.036 Thread 0x000002009cae95d0 Thread added: 0x000002010a09fad0
Event: 170.744 Thread 0x000002010a09fad0 Thread exited: 0x000002010a09fad0
Event: 170.874 Thread 0x00000200e4ffb690 Thread added: 0x00000200e585d730
Event: 170.874 Thread 0x00000200e4ffb690 Thread added: 0x00000200e58655c0
Event: 170.892 Thread 0x000002009caf15f0 Thread added: 0x000002010a09f580
Event: 171.192 Thread 0x00000200e58655c0 Thread added: 0x00000200e5865ad0
Event: 172.000 Thread 0x000002010a09f580 Thread exited: 0x000002010a09f580
Event: 172.000 Thread 0x000002010a0a0020 Thread exited: 0x000002010a0a0020
Event: 172.152 Thread 0x000002009cae95d0 Thread added: 0x000002010a09e590
Event: 172.182 Thread 0x000002009caf15f0 Thread added: 0x000002010a09cb00


Dynamic libraries:
0x00007ff774050000 - 0x00007ff77405e000 	C:\Program Files\Microsoft\jdk-17.0.18.8-hotspot\bin\java.exe
0x00007ffa97300000 - 0x00007ffa97567000 	C:\WINDOWS\SYSTEM32\ntdll.dll
0x00007ffa96e80000 - 0x00007ffa96f49000 	C:\WINDOWS\System32\KERNEL32.DLL
0x00007ffa93ff0000 - 0x00007ffa943e7000 	C:\WINDOWS\System32\KERNELBASE.dll
0x00007ffa93df0000 - 0x00007ffa93f3b000 	C:\WINDOWS\System32\ucrtbase.dll
0x00007ffa503a0000 - 0x00007ffa503be000 	C:\Program Files\Microsoft\jdk-17.0.18.8-hotspot\bin\VCRUNTIME140.dll
0x00007ffa539e0000 - 0x00007ffa539f8000 	C:\Program Files\Microsoft\jdk-17.0.18.8-hotspot\bin\jli.dll
0x00007ffa96200000 - 0x00007ffa963c6000 	C:\WINDOWS\System32\USER32.dll
0x00007ffa7e750000 - 0x00007ffa7e9e2000 	C:\WINDOWS\WinSxS\amd64_microsoft.windows.common-controls_6595b64144ccf1df_6.0.26100.8457_none_3e0b2faee331e92d\COMCTL32.dll
0x00007ffa93dc0000 - 0x00007ffa93de7000 	C:\WINDOWS\System32\win32u.dll
0x00007ffa96dd0000 - 0x00007ffa96e79000 	C:\WINDOWS\System32\msvcrt.dll
0x00007ffa97180000 - 0x00007ffa971ab000 	C:\WINDOWS\System32\GDI32.dll
0x00007ffa94560000 - 0x00007ffa9468c000 	C:\WINDOWS\System32\gdi32full.dll
0x00007ffa93f40000 - 0x00007ffa93fe3000 	C:\WINDOWS\System32\msvcp_win.dll
0x00007ffa95640000 - 0x00007ffa95672000 	C:\WINDOWS\System32\IMM32.DLL
0x00007ffa63b50000 - 0x00007ffa63b5c000 	C:\Program Files\Microsoft\jdk-17.0.18.8-hotspot\bin\vcruntime140_1.dll
0x00007ffa26330000 - 0x00007ffa263b9000 	C:\Program Files\Microsoft\jdk-17.0.18.8-hotspot\bin\msvcp140.dll
0x00007ff9d3820000 - 0x00007ff9d449a000 	C:\Program Files\Microsoft\jdk-17.0.18.8-hotspot\bin\server\jvm.dll
0x00007ffa96630000 - 0x00007ffa966e6000 	C:\WINDOWS\System32\ADVAPI32.dll
0x00007ffa95e00000 - 0x00007ffa95ea7000 	C:\WINDOWS\System32\sechost.dll
0x00007ffa95080000 - 0x00007ffa95198000 	C:\WINDOWS\System32\RPCRT4.dll
0x00007ffa966f0000 - 0x00007ffa96770000 	C:\WINDOWS\System32\WS2_32.dll
0x00007ffa92c50000 - 0x00007ffa92cae000 	C:\WINDOWS\SYSTEM32\POWRPROF.dll
0x00007ffa8b8e0000 - 0x00007ffa8b8eb000 	C:\WINDOWS\SYSTEM32\VERSION.dll
0x00007ffa81340000 - 0x00007ffa81376000 	C:\WINDOWS\SYSTEM32\WINMM.dll
0x00007ffa92c30000 - 0x00007ffa92c44000 	C:\WINDOWS\SYSTEM32\UMPDC.dll
0x00007ffa92af0000 - 0x00007ffa92b0b000 	C:\WINDOWS\SYSTEM32\kernel.appcore.dll
0x00007ffa63a70000 - 0x00007ffa63a7a000 	C:\Program Files\Microsoft\jdk-17.0.18.8-hotspot\bin\jimage.dll
0x00007ffa808b0000 - 0x00007ffa80af2000 	C:\WINDOWS\SYSTEM32\DBGHELP.DLL
0x00007ffa951d0000 - 0x00007ffa95553000 	C:\WINDOWS\System32\combase.dll
0x00007ffa95eb0000 - 0x00007ffa95f89000 	C:\WINDOWS\System32\OLEAUT32.dll
0x00007ffa80870000 - 0x00007ffa808ab000 	C:\WINDOWS\SYSTEM32\dbgcore.DLL
0x00007ffa944b0000 - 0x00007ffa94558000 	C:\WINDOWS\System32\bcryptPrimitives.dll
0x00007ffa5cbe0000 - 0x00007ffa5cbef000 	C:\Program Files\Microsoft\jdk-17.0.18.8-hotspot\bin\instrument.dll
0x00007ffa4b720000 - 0x00007ffa4b746000 	C:\Program Files\Microsoft\jdk-17.0.18.8-hotspot\bin\java.dll
0x00007ffa23ca0000 - 0x00007ffa23d76000 	C:\Program Files\Microsoft\jdk-17.0.18.8-hotspot\bin\jsvml.dll
0x00007ffa95680000 - 0x00007ffa95dee000 	C:\WINDOWS\System32\SHELL32.dll
0x00007ffa94690000 - 0x00007ffa94efc000 	C:\WINDOWS\System32\windows.storage.dll
0x00007ffa96100000 - 0x00007ffa961f6000 	C:\WINDOWS\System32\SHCORE.dll
0x00007ffa97110000 - 0x00007ffa97176000 	C:\WINDOWS\System32\shlwapi.dll
0x00007ffa93c50000 - 0x00007ffa93c79000 	C:\WINDOWS\SYSTEM32\profapi.dll
0x00007ffa336c0000 - 0x00007ffa336d8000 	C:\Program Files\Microsoft\jdk-17.0.18.8-hotspot\bin\zip.dll
0x00007ffa50360000 - 0x00007ffa5037b000 	C:\Program Files\Microsoft\jdk-17.0.18.8-hotspot\bin\net.dll
0x00007ffa8d050000 - 0x00007ffa8d179000 	C:\WINDOWS\SYSTEM32\WINHTTP.dll
0x00007ffa930f0000 - 0x00007ffa9315c000 	C:\WINDOWS\system32\mswsock.dll
0x00007ffa4c280000 - 0x00007ffa4c296000 	C:\Program Files\Microsoft\jdk-17.0.18.8-hotspot\bin\nio.dll
0x00007ffa5f7a0000 - 0x00007ffa5f7b0000 	C:\Program Files\Microsoft\jdk-17.0.18.8-hotspot\bin\verify.dll
0x00007ffa5d960000 - 0x00007ffa5d987000 	D:\gradle_cache\native\1def1411415f61bf3af743bc5b6707747c0891f09f0c88961ee8f79bc544acac\windows-amd64\native-platform.dll
0x00007ffa2e870000 - 0x00007ffa2e8e7000 	D:\gradle_cache\native\0.2.8\x86_64-windows-gnu\gradle-fileevents.dll
0x00007ffa5ed00000 - 0x00007ffa5ed0a000 	C:\Program Files\Microsoft\jdk-17.0.18.8-hotspot\bin\management.dll
0x00007ffa5e720000 - 0x00007ffa5e72c000 	C:\Program Files\Microsoft\jdk-17.0.18.8-hotspot\bin\management_ext.dll
0x00007ffa96920000 - 0x00007ffa96928000 	C:\WINDOWS\System32\PSAPI.DLL
0x00007ffa92470000 - 0x00007ffa924a2000 	C:\WINDOWS\SYSTEM32\IPHLPAPI.DLL
0x00007ffa96810000 - 0x00007ffa9681a000 	C:\WINDOWS\System32\NSI.dll
0x00007ffa8dda0000 - 0x00007ffa8ddbd000 	C:\WINDOWS\SYSTEM32\dhcpcsvc6.DLL
0x00007ffa8d740000 - 0x00007ffa8d765000 	C:\WINDOWS\SYSTEM32\dhcpcsvc.DLL
0x00007ffa92500000 - 0x00007ffa92632000 	C:\WINDOWS\SYSTEM32\DNSAPI.dll
0x00007ffa5cd60000 - 0x00007ffa5cd69000 	C:\Program Files\Microsoft\jdk-17.0.18.8-hotspot\bin\extnet.dll
0x00007ffa934f0000 - 0x00007ffa9350b000 	C:\WINDOWS\SYSTEM32\CRYPTSP.dll
0x00007ffa92a50000 - 0x00007ffa92a89000 	C:\WINDOWS\system32\rsaenh.dll
0x00007ffa931a0000 - 0x00007ffa931d3000 	C:\WINDOWS\SYSTEM32\USERENV.dll
0x00007ffa93c20000 - 0x00007ffa93c4a000 	C:\WINDOWS\SYSTEM32\bcrypt.dll
0x00007ffa93350000 - 0x00007ffa9335c000 	C:\WINDOWS\SYSTEM32\CRYPTBASE.dll
0x00007ffa5ae90000 - 0x00007ffa5ae9e000 	C:\Program Files\Microsoft\jdk-17.0.18.8-hotspot\bin\sunmscapi.dll
0x00007ffa94f00000 - 0x00007ffa95078000 	C:\WINDOWS\System32\CRYPT32.dll
0x00007ffa93650000 - 0x00007ffa93680000 	C:\WINDOWS\SYSTEM32\ncrypt.dll
0x00007ffa93600000 - 0x00007ffa9363f000 	C:\WINDOWS\SYSTEM32\NTASN1.dll
0x00007ffa5cbd0000 - 0x00007ffa5cbd8000 	C:\WINDOWS\system32\wshunix.dll
0x00007ffa8dd90000 - 0x00007ffa8dd9b000 	C:\Windows\System32\rasadhlp.dll
0x00007ffa8cdd0000 - 0x00007ffa8ce56000 	C:\WINDOWS\System32\fwpuclnt.dll
0x00007ffa63de0000 - 0x00007ffa63de7000 	C:\Program Files\Microsoft\jdk-17.0.18.8-hotspot\bin\rmi.dll

dbghelp: loaded successfully - version: 4.0.5 - missing functions: none
symbol engine: initialized successfully - sym options: 0x614 - pdb path: .;C:\Program Files\Microsoft\jdk-17.0.18.8-hotspot\bin;C:\WINDOWS\SYSTEM32;C:\WINDOWS\WinSxS\amd64_microsoft.windows.common-controls_6595b64144ccf1df_6.0.26100.8457_none_3e0b2faee331e92d;C:\Program Files\Microsoft\jdk-17.0.18.8-hotspot\bin\server;D:\gradle_cache\native\1def1411415f61bf3af743bc5b6707747c0891f09f0c88961ee8f79bc544acac\windows-amd64;D:\gradle_cache\native\0.2.8\x86_64-windows-gnu

VM Arguments:
jvm_args: --add-opens=java.base/java.lang=ALL-UNNAMED --add-opens=java.base/java.lang.invoke=ALL-UNNAMED --add-opens=java.base/java.util=ALL-UNNAMED --add-opens=java.prefs/java.util.prefs=ALL-UNNAMED --add-exports=jdk.compiler/com.sun.tools.javac.api=ALL-UNNAMED --add-exports=jdk.compiler/com.sun.tools.javac.util=ALL-UNNAMED --add-opens=java.base/java.util=ALL-UNNAMED --add-opens=java.prefs/java.util.prefs=ALL-UNNAMED --add-opens=java.base/java.nio.charset=ALL-UNNAMED --add-opens=java.base/java.net=ALL-UNNAMED --add-opens=java.base/java.util.concurrent=ALL-UNNAMED --add-opens=java.base/java.util.concurrent.atomic=ALL-UNNAMED --add-opens=java.xml/javax.xml.namespace=ALL-UNNAMED --add-opens=java.base/java.time=ALL-UNNAMED -Xmx2048m -Dfile.encoding=UTF-8 -Duser.country=TR -Duser.language=tr -Duser.variant -javaagent:D:\gradle_cache\wrapper\dists\gradle-9.1.0-bin\9agqghryom9wkf8r80qlhnts3\gradle-9.1.0\lib\agents\gradle-instrumentation-agent-9.1.0.jar 
java_command: org.gradle.launcher.daemon.bootstrap.GradleDaemon 9.1.0
java_class_path (initial): D:\gradle_cache\wrapper\dists\gradle-9.1.0-bin\9agqghryom9wkf8r80qlhnts3\gradle-9.1.0\lib\gradle-daemon-main-9.1.0.jar
Launcher Type: SUN_STANDARD

[Global flags]
     intx CICompilerCount                          = 4                                         {product} {ergonomic}
     uint ConcGCThreads                            = 2                                         {product} {ergonomic}
     uint G1ConcRefinementThreads                  = 8                                         {product} {ergonomic}
   size_t G1HeapRegionSize                         = 1048576                                   {product} {ergonomic}
    uintx GCDrainStackTargetSize                   = 64                                        {product} {ergonomic}
   size_t InitialHeapSize                          = 266338304                                 {product} {ergonomic}
   size_t MarkStackSize                            = 4194304                                   {product} {ergonomic}
   size_t MaxHeapSize                              = 2147483648                                {product} {command line}
   size_t MaxNewSize                               = 1287651328                                {product} {ergonomic}
   size_t MinHeapDeltaBytes                        = 1048576                                   {product} {ergonomic}
   size_t MinHeapSize                              = 8388608                                   {product} {ergonomic}
    uintx NonNMethodCodeHeapSize                   = 5839372                                {pd product} {ergonomic}
    uintx NonProfiledCodeHeapSize                  = 122909434                              {pd product} {ergonomic}
    uintx ProfiledCodeHeapSize                     = 122909434                              {pd product} {ergonomic}
    uintx ReservedCodeCacheSize                    = 251658240                              {pd product} {ergonomic}
     bool SegmentedCodeCache                       = true                                      {product} {ergonomic}
   size_t SoftMaxHeapSize                          = 2147483648                             {manageable} {ergonomic}
     bool UseCompressedClassPointers               = true                           {product lp64_product} {ergonomic}
     bool UseCompressedOops                        = true                           {product lp64_product} {ergonomic}
     bool UseG1GC                                  = true                                      {product} {ergonomic}
     bool UseLargePagesIndividualAllocation        = false                                  {pd product} {ergonomic}

Logging:
Log output configuration:
 #0: stdout all=warning uptime,level,tags
 #1: stderr all=off uptime,level,tags

Environment Variables:
JAVA_HOME=C:\Program Files\Microsoft\jdk-17.0.18.8-hotspot\
CLASSPATH=D:\android-projeler\are-we-okay-app\android\\gradle\wrapper\gradle-wrapper.jar
PATH=C:/Users/erens/.gemini/antigravity-ide/bin;C:\Program Files\Microsoft\jdk-17.0.18.8-hotspot\bin;C:\WINDOWS\system32;C:\WINDOWS;C:\WINDOWS\System32\Wbem;C:\WINDOWS\System32\WindowsPowerShell\v1.0\;C:\WINDOWS\System32\OpenSSH\;C:\Program Files\dotnet\;C:\Program Files\nodejs\;C:\ProgramData\chocolatey\bin;C:\Program Files\Amazon\AWSCLIV2\;C:\pgsql\bin;C:\ffmpeg\bin;C:\Program Files (x86)\Microsoft SQL Server\160\Tools\Binn\;C:\Program Files\Microsoft SQL Server\160\Tools\Binn\;C:\Program Files\Microsoft SQL Server\Client SDK\ODBC\170\Tools\Binn\;C:\Program Files\Microsoft SQL Server\160\DTS\Binn\;C:\Program Files\Microsoft SQL Server\170\DTS\Binn\;C:\Program Files\Microsoft SQL Server\150\Tools\Binn\;C:\Program Files\Microsoft SQL Server\130\DTS\Binn\;C:\Program Files\Microsoft SQL Server\140\DTS\Binn\;C:\Program Files\Microsoft SQL Server\150\DTS\Binn\;C:\poppler-25.07.0\Library\bin;C:\Program Files\Tesseract-OCR;C:\Program Files\cursor\resources\app\bin;C:\Program Files\Microsoft\jdk-17.0.18.8-hotspot\\bin;C:\ProgramData\chocolatey\lib\maven\apache-maven-3.9.11\bin;C:\Program Files\apache-maven-3.9.11\bin;C:\Program Files\Microsoft SQL Server\170\Tools\Binn\;C:\Program Files\Docker\Docker\resources\bin;C:\Program Files\Git\cmd;C:\Program Files\Git-Xet\;C:\Program Files\Microsoft\jdk-17.0.18.8-hotspot\bin;C:\WINDOWS\system32;C:\WINDOWS;C:\WINDOWS\System32\Wbem;C:\WINDOWS\System32\WindowsPowerShell\v1.0\;C:\WINDOWS\System32\OpenSSH\;C:\Program Files\dotnet\;C:\Program Files\nodejs\;C:\ProgramData\chocolatey\bin;C:\Program Files\Amazon\AWSCLIV2\;C:\pgsql\bin;C:\ffmpeg\bin;C:\Program Files (x86)\Microsoft SQL Server\160\Tools\Binn\;C:\Program Files\Microsoft SQL Server\160\Tools\Binn\;C:\Program Files\Microsoft SQL Server\Client SDK\ODBC\170\Tools\Binn\;C:\Program Files\Microsoft SQL Server\160\DTS\Binn\;C:\Program Files\Microsoft SQL Server\170\DTS\Binn\;C:\Program Files\Microsoft SQL Server\150\Tools\Binn\;C:\Program Files\Microsoft SQL Server\130\DTS\Binn\;C:\Program Files\Microsoft SQL Server\140\DTS\Binn\;C:\Program Files\Microsoft SQL Server\150\DTS\Binn\;C:\poppler-25.07.0\Library\bin;C:\Program Files\Tesseract-OCR;C:\Program Files\cursor\resources\app\bin;C:\Program Files\Microsoft\jdk-17.0.18.8-hotspot\\bin;C:\ProgramData\chocolatey\lib\maven\apache-maven-3.9.11\bin;C:\Program Files\apache-maven-3.9.11\bin;C:\Program Files\Microsoft SQL Server\170\Tools\Binn\;C:\Program Files\Docker\Docker\resources\bin;C:\Program Files\Git\cmd;C:\Program Files\Git-Xet\;C:\Users\erens\AppData\Local\Programs\Python\Python310\Scripts\;C:\Users\erens\AppData\Local\Programs\Python\Python310\;C:\Users\erens\AppData\Local\Programs\Python\Python313\Scripts\;C:\Users\erens\AppData\Local\Programs\Python\Python313\;C:\Users\erens\AppData\Local\Microsoft\WindowsApps;C:\Users\erens\AppData\Local\Programs\Microsoft VS Code\bin;C:\Users\erens\AppData\Roaming\npm;C:\Users\erens\AppData\Local\Programs\cursor\resources\app\bin;C:\Users\erens\AppData\Local\Programs\Ollama;C:\Users\erens\.dotnet\tools;C:\Program Files\poppler-25.07.0\Library\bin;C:\Program Files\JetBrains\IntelliJ IDEA Community Edition 2025.2.5\bin;C:\Users\erens\AppData\Local\Programs\Antigravity\bin;C:\tools\flutter\bin;C:\Users\erens\AppData\AndroidCLI;C:\Users\erens\AppData\Local\Programs\Python\Python311\Scripts;C:\Users\erens\AppData\Local\Programs\Python\Python311\Scripts;C:\Users\erens\AppData\Local\Microsoft\WinGet\Links;D:\npm_global\node_modules\@anthropic-ai\claude-code\bin;D:\Antigravity IDE\bin;C:\Users\erens\AppData\Local\Programs\Antigravity IDE\bin
USERNAME=erens
OS=Windows_NT
PROCESSOR_IDENTIFIER=Intel64 Family 6 Model 165 Stepping 2, GenuineIntel
TMP=D:\temp
TEMP=D:\temp



Periodic native trim disabled


---------------  S Y S T E M  ---------------

OS:
 Windows 11 , 64 bit Build 26100 (10.0.26100.8328)
OS uptime: 0 days 6:37 hours
Hyper-V role detected

CPU: total 8 (initial active 8) (4 cores per cpu, 2 threads per core) family 6 model 165 stepping 2 microcode 0xe0, cx8, cmov, fxsr, ht, mmx, 3dnowpref, sse, sse2, sse3, ssse3, sse4.1, sse4.2, popcnt, lzcnt, tsc, tscinvbit, avx, avx2, aes, erms, clmul, bmi1, bmi2, adx, fma, vzeroupper, clflush, clflushopt, hv
Processor Information for the first 8 processors :
  Max Mhz: 2400, Current Mhz: 2400, Mhz Limit: 2400

Memory: 4k page, system-wide physical 16173M (1005M free)
TotalPageFile size 22806M (AvailPageFile size 6M)
current process WorkingSet (physical memory assigned to process): 1458M, peak: 1461M
current process commit charge ("private bytes"): 1502M, peak: 1505M

vm_info: OpenJDK 64-Bit Server VM (17.0.18+8-LTS) for windows-amd64 JRE (17.0.18+8-LTS), built on Jan 15 2026 18:50:45 by "MicrosoftCorporation" with MS VC++ 17.14 (VS2022)

END.
