#
# There is insufficient memory for the Java Runtime Environment to continue.
# Native memory allocation (mmap) failed to map 146800640 bytes. Error detail: G1 virtual space
# Possible reasons:
#   The system is out of physical RAM or swap space
#   This process is running with CompressedOops enabled, and the Java Heap may be blocking the growth of the native heap
# Possible solutions:
#   Reduce memory load on the system
#   Increase physical memory or swap space
#   Check if swap backing store is full
#   Decrease Java heap size (-Xmx/-Xms)
#   Decrease number of Java threads
#   Decrease Java thread stack sizes (-Xss)
#   Set larger code cache with -XX:ReservedCodeCacheSize=
#   JVM is running with Unscaled Compressed Oops mode in which the Java heap is
#     placed in the first 4GB address space. The Java Heap base address is the
#     maximum limit for the native heap growth. Please use -XX:HeapBaseMinAddress
#     to set the Java Heap base and to place the Java Heap above 4GB virtual address.
# This output file may be truncated or incomplete.
#
#  Out of Memory Error (os_windows.cpp:3925), pid=22124, tid=10172
#
# JRE version: OpenJDK Runtime Environment (21.0.8) (build 21.0.8+-14196175-b1038.72)
# Java VM: OpenJDK 64-Bit Server VM (21.0.8+-14196175-b1038.72, mixed mode, tiered, compressed oops, compressed class ptrs, g1 gc, windows-amd64)
# No core dump will be written. Minidumps are not enabled by default on client versions of Windows
#

---------------  S U M M A R Y ------------

Command Line: --add-opens=java.base/java.lang=ALL-UNNAMED --add-opens=java.base/java.lang.invoke=ALL-UNNAMED --add-opens=java.base/java.util=ALL-UNNAMED --add-opens=java.prefs/java.util.prefs=ALL-UNNAMED --add-exports=jdk.compiler/com.sun.tools.javac.api=ALL-UNNAMED --add-exports=jdk.compiler/com.sun.tools.javac.util=ALL-UNNAMED --add-opens=java.base/java.util=ALL-UNNAMED --add-opens=java.prefs/java.util.prefs=ALL-UNNAMED --add-opens=java.base/java.nio.charset=ALL-UNNAMED --add-opens=java.base/java.net=ALL-UNNAMED --add-opens=java.base/java.util.concurrent=ALL-UNNAMED --add-opens=java.base/java.util.concurrent.atomic=ALL-UNNAMED --add-opens=java.xml/javax.xml.namespace=ALL-UNNAMED --add-opens=java.base/java.time=ALL-UNNAMED -Xmx2048m -Dfile.encoding=UTF-8 -Duser.country=TR -Duser.language=tr -Duser.variant -javaagent:D:\gradle_cache\wrapper\dists\gradle-9.1.0-bin\9agqghryom9wkf8r80qlhnts3\gradle-9.1.0\lib\agents\gradle-instrumentation-agent-9.1.0.jar org.gradle.launcher.daemon.bootstrap.GradleDaemon 9.1.0

Host: Intel(R) Core(TM) i5-10200H CPU @ 2.40GHz, 8 cores, 15G,  Windows 11 , 64 bit Build 26100 (10.0.26100.8328)
Time: Sat Jun  6 21:59:30 2026 Türkiye Standart Saati elapsed time: 132.652261 seconds (0d 0h 2m 12s)

---------------  T H R E A D  ---------------

Current thread (0x00000130c10fc340):  VMThread "VM Thread"          [id=10172, stack(0x0000001da4200000,0x0000001da4300000) (1024K)]

Stack: [0x0000001da4200000,0x0000001da4300000]
Native frames: (J=compiled Java code, j=interpreted, Vv=VM code, C=native code)
V  [jvm.dll+0x6d68d9]
V  [jvm.dll+0x866693]
V  [jvm.dll+0x868c4e]
V  [jvm.dll+0x869333]
V  [jvm.dll+0x280566]
V  [jvm.dll+0x6d3195]
V  [jvm.dll+0x6c69ea]
V  [jvm.dll+0x3586db]
V  [jvm.dll+0x360336]
V  [jvm.dll+0x3b23f6]
V  [jvm.dll+0x3b26c8]
V  [jvm.dll+0x32ae6c]
V  [jvm.dll+0x32aef7]
V  [jvm.dll+0x370d3c]
V  [jvm.dll+0x36f4ee]
V  [jvm.dll+0x32a5c1]
V  [jvm.dll+0x36ebf0]
V  [jvm.dll+0x86f0b8]
V  [jvm.dll+0x870434]
V  [jvm.dll+0x870970]
V  [jvm.dll+0x870c03]
V  [jvm.dll+0x80eac8]
V  [jvm.dll+0x6d512d]
C  [ucrtbase.dll+0x37b0]
C  [KERNEL32.DLL+0x2e957]
C  [ntdll.dll+0x427c]

VM_Operation (0x0000001dac5f8ae0): G1CollectForAllocation, mode: safepoint, requested by thread 0x00000130c8e96d30


---------------  P R O C E S S  ---------------

Threads class SMR info:
_java_thread_list=0x00000130c65bb180, length=136, elements={
0x00000130a99e4010, 0x00000130c11ead20, 0x00000130c11ee590, 0x00000130c1216600,
0x00000130c12177e0, 0x00000130c1219d80, 0x00000130c11fc820, 0x00000130c11fce90,
0x00000130c122ad80, 0x00000130c122d850, 0x00000130c14fa900, 0x00000130c74ec8d0,
0x00000130c7450be0, 0x00000130c727e050, 0x00000130c740bae0, 0x00000130c740d160,
0x00000130c759b1c0, 0x00000130c740e7f0, 0x00000130c779a690, 0x00000130c77992e0,
0x00000130c7799970, 0x00000130c779a000, 0x00000130c7798c50, 0x00000130c779ad20,
0x00000130c77985c0, 0x00000130c7c45dd0, 0x00000130c7c47180, 0x00000130c7c48530,
0x00000130c7c46460, 0x00000130c7c47810, 0x00000130c7c47ea0, 0x00000130c7c48bc0,
0x00000130c7c45740, 0x00000130c7c4b9b0, 0x00000130c7c4ac90, 0x00000130c7c49250,
0x00000130c7c49f70, 0x00000130c7c4a600, 0x00000130c7c4b320, 0x00000130c7c4c040,
0x00000130c7c4c6d0, 0x00000130ca2ccb00, 0x00000130ca2cc470, 0x00000130ca2cdeb0,
0x00000130ca2cd820, 0x00000130ca2cebd0, 0x00000130ca2ce540, 0x00000130ca2cf260,
0x00000130ca2cbde0, 0x00000130ca2cf8f0, 0x00000130ca2cff80, 0x00000130ca2d0610,
0x00000130ca2cd190, 0x00000130ca2d0ca0, 0x00000130ca2d1330, 0x00000130ca2d19c0,
0x00000130ca2d2050, 0x00000130ca2d26e0, 0x00000130ca2d2d70, 0x00000130ca2d3400,
0x00000130cd146780, 0x00000130cd145a60, 0x00000130cd1446b0, 0x00000130cd1474a0,
0x00000130cd147b30, 0x00000130cd146e10, 0x00000130cd144d40, 0x00000130cd1481c0,
0x00000130cd148850, 0x00000130cd1453d0, 0x00000130cd148ee0, 0x00000130cd149570,
0x00000130cd1460f0, 0x00000130cd149c00, 0x00000130cd14b640, 0x00000130cd14bcd0,
0x00000130cd14a290, 0x00000130cd14a920, 0x00000130cd14afb0, 0x00000130c695abc0,
0x00000130c695c600, 0x00000130c695e040, 0x00000130c695b250, 0x00000130c695cc90,
0x00000130c695d320, 0x00000130c695e6d0, 0x00000130c695d9b0, 0x00000130c695ed60,
0x00000130c695b8e0, 0x00000130c695f3f0, 0x00000130c695bf70, 0x00000130c695fa80,
0x00000130c6960110, 0x00000130c6960e30, 0x00000130c69607a0, 0x00000130c69614c0,
0x00000130c6961b50, 0x00000130c69621e0, 0x00000130c91284e0, 0x00000130c91256f0,
0x00000130c9125060, 0x00000130c9126410, 0x00000130c9125d80, 0x00000130c9127130,
0x00000130c9129f20, 0x00000130c9128b70, 0x00000130c9127e50, 0x00000130c9129200,
0x00000130c9129890, 0x00000130c912a5b0, 0x00000130c912b2d0, 0x00000130c912c680,
0x00000130c912b960, 0x00000130c912bff0, 0x00000130c8e938b0, 0x00000130c8e93220,
0x00000130c8e93f40, 0x00000130c8e952f0, 0x00000130c8e945d0, 0x00000130c8e95980,
0x00000130c8e92b90, 0x00000130c8e96010, 0x00000130c8e973c0, 0x00000130c8e96d30,
0x00000130c8e97a50, 0x00000130c8e966a0, 0x00000130c8e980e0, 0x00000130c8e94c60,
0x00000130c8e98770, 0x00000130c8e9a1b0, 0x00000130c8e98e00, 0x00000130c8e99490,
0x00000130cc5748a0, 0x00000130cd699ba0, 0x00000130c88466f0, 0x00000130c8847490
}
_to_delete_list=0x00000130c7405860, length=134, elements={
0x00000130a99e4010, 0x00000130c11ead20, 0x00000130c11ee590, 0x00000130c1216600,
0x00000130c12177e0, 0x00000130c1219d80, 0x00000130c11fc820, 0x00000130c11fce90,
0x00000130c122ad80, 0x00000130c122d850, 0x00000130c14fa900, 0x00000130c74ec8d0,
0x00000130c7450be0, 0x00000130c727e050, 0x00000130c740bae0, 0x00000130c740d160,
0x00000130c759b1c0, 0x00000130c740e7f0, 0x00000130c779a690, 0x00000130c77992e0,
0x00000130c7799970, 0x00000130c779a000, 0x00000130c7798c50, 0x00000130c779ad20,
0x00000130c77985c0, 0x00000130c7c45dd0, 0x00000130c7c47180, 0x00000130c7c48530,
0x00000130c7c46460, 0x00000130c7c47810, 0x00000130c7c47ea0, 0x00000130c7c48bc0,
0x00000130c7c45740, 0x00000130c7c4b9b0, 0x00000130c7c4ac90, 0x00000130c7c49250,
0x00000130c7c49f70, 0x00000130c7c4a600, 0x00000130c7c4b320, 0x00000130c7c4c040,
0x00000130c7c4c6d0, 0x00000130ca2ccb00, 0x00000130ca2cc470, 0x00000130ca2cdeb0,
0x00000130ca2cd820, 0x00000130ca2cebd0, 0x00000130ca2ce540, 0x00000130ca2cf260,
0x00000130ca2cbde0, 0x00000130ca2cf8f0, 0x00000130ca2cff80, 0x00000130ca2d0610,
0x00000130ca2cd190, 0x00000130ca2d0ca0, 0x00000130ca2d1330, 0x00000130ca2d19c0,
0x00000130ca2d2050, 0x00000130ca2d26e0, 0x00000130ca2d2d70, 0x00000130ca2d3400,
0x00000130cd146780, 0x00000130cd145a60, 0x00000130cd1446b0, 0x00000130cd1474a0,
0x00000130cd147b30, 0x00000130cd146e10, 0x00000130cd144d40, 0x00000130cd1481c0,
0x00000130cd148850, 0x00000130cd1453d0, 0x00000130cd148ee0, 0x00000130cd149570,
0x00000130cd1460f0, 0x00000130cd149c00, 0x00000130cd14b640, 0x00000130cd14bcd0,
0x00000130cd14a290, 0x00000130cd14a920, 0x00000130cd14afb0, 0x00000130c695abc0,
0x00000130c695c600, 0x00000130c695e040, 0x00000130c695b250, 0x00000130c695cc90,
0x00000130c695d320, 0x00000130c695e6d0, 0x00000130c695d9b0, 0x00000130c695ed60,
0x00000130c695b8e0, 0x00000130c695f3f0, 0x00000130c695bf70, 0x00000130c695fa80,
0x00000130c6960110, 0x00000130c6960e30, 0x00000130c69607a0, 0x00000130c69614c0,
0x00000130c6961b50, 0x00000130c69621e0, 0x00000130c91284e0, 0x00000130c91256f0,
0x00000130c9125060, 0x00000130c9126410, 0x00000130c9125d80, 0x00000130c9127130,
0x00000130c9129f20, 0x00000130c9128b70, 0x00000130c9127e50, 0x00000130c9129200,
0x00000130c9129890, 0x00000130c912a5b0, 0x00000130c912b2d0, 0x00000130c912c680,
0x00000130c912b960, 0x00000130c912bff0, 0x00000130c8e938b0, 0x00000130c8e93220,
0x00000130c8e93f40, 0x00000130c8e952f0, 0x00000130c8e945d0, 0x00000130c8e95980,
0x00000130c8e92b90, 0x00000130c8e96010, 0x00000130c8e973c0, 0x00000130c8e96d30,
0x00000130c8e97a50, 0x00000130c8e966a0, 0x00000130c8e980e0, 0x00000130c8e94c60,
0x00000130c8e98770, 0x00000130c8e9a1b0, 0x00000130c8e98e00, 0x00000130c8e99490,
0x00000130cc5748a0, 0x00000130cd699ba0
}

Java Threads: ( => current thread )
  0x00000130a99e4010 JavaThread "main"                              [_thread_blocked, id=12532, stack(0x0000001da3b00000,0x0000001da3c00000) (1024K)]
  0x00000130c11ead20 JavaThread "Common-Cleaner"             daemon [_thread_blocked, id=17756, stack(0x0000001da4300000,0x0000001da4400000) (1024K)]
  0x00000130c11ee590 JavaThread "Reference Handler"          daemon [_thread_blocked, id=7304, stack(0x0000001da4400000,0x0000001da4500000) (1024K)]
  0x00000130c1216600 JavaThread "Finalizer"                  daemon [_thread_blocked, id=16924, stack(0x0000001da4500000,0x0000001da4600000) (1024K)]
  0x00000130c12177e0 JavaThread "Signal Dispatcher"          daemon [_thread_blocked, id=15556, stack(0x0000001da4600000,0x0000001da4700000) (1024K)]
  0x00000130c1219d80 JavaThread "Attach Listener"            daemon [_thread_blocked, id=2496, stack(0x0000001da4700000,0x0000001da4800000) (1024K)]
  0x00000130c11fc820 JavaThread "Service Thread"             daemon [_thread_blocked, id=6476, stack(0x0000001da4800000,0x0000001da4900000) (1024K)]
  0x00000130c11fce90 JavaThread "Monitor Deflation Thread"   daemon [_thread_blocked, id=6660, stack(0x0000001da4900000,0x0000001da4a00000) (1024K)]
  0x00000130c122ad80 JavaThread "C2 CompilerThread0"         daemon [_thread_blocked, id=21256, stack(0x0000001da4a00000,0x0000001da4b00000) (1024K)]
  0x00000130c122d850 JavaThread "C1 CompilerThread0"         daemon [_thread_blocked, id=7604, stack(0x0000001da4b00000,0x0000001da4c00000) (1024K)]
  0x00000130c14fa900 JavaThread "Notification Thread"        daemon [_thread_blocked, id=9324, stack(0x0000001da4c00000,0x0000001da4d00000) (1024K)]
  0x00000130c74ec8d0 JavaThread "Daemon health stats"               [_thread_blocked, id=18980, stack(0x0000001da4e00000,0x0000001da4f00000) (1024K)]
  0x00000130c7450be0 JavaThread "Incoming local TCP Connector on port 60854"        [_thread_in_native, id=18768, stack(0x0000001da5400000,0x0000001da5500000) (1024K)]
  0x00000130c727e050 JavaThread "Daemon periodic checks"            [_thread_blocked, id=7356, stack(0x0000001da5700000,0x0000001da5800000) (1024K)]
  0x00000130c740bae0 JavaThread "Daemon"                            [_thread_blocked, id=1624, stack(0x0000001da5800000,0x0000001da5900000) (1024K)]
  0x00000130c740d160 JavaThread "Handler for socket connection from /127.0.0.1:60854 to /127.0.0.1:60855"        [_thread_in_native, id=14992, stack(0x0000001da5900000,0x0000001da5a00000) (1024K)]
  0x00000130c759b1c0 JavaThread "Cancel handler"                    [_thread_blocked, id=19952, stack(0x0000001da5a00000,0x0000001da5b00000) (1024K)]
  0x00000130c740e7f0 JavaThread "Daemon worker"                     [_thread_blocked, id=21844, stack(0x0000001da5b00000,0x0000001da5c00000) (1024K)]
  0x00000130c779a690 JavaThread "Asynchronous log dispatcher for DefaultDaemonConnection: socket connection from /127.0.0.1:60854 to /127.0.0.1:60855"        [_thread_blocked, id=15460, stack(0x0000001da5c00000,0x0000001da5d00000) (1024K)]
  0x00000130c77992e0 JavaThread "Stdin handler"                     [_thread_blocked, id=10340, stack(0x0000001da5d00000,0x0000001da5e00000) (1024K)]
  0x00000130c7799970 JavaThread "Daemon client event forwarder"        [_thread_blocked, id=15632, stack(0x0000001da5e00000,0x0000001da5f00000) (1024K)]
  0x00000130c779a000 JavaThread "Cache worker for journal cache (D:\gradle_cache\caches\journal-1)"        [_thread_blocked, id=8040, stack(0x0000001da6000000,0x0000001da6100000) (1024K)]
  0x00000130c7798c50 JavaThread "File lock request listener"        [_thread_in_native, id=2948, stack(0x0000001da6100000,0x0000001da6200000) (1024K)]
  0x00000130c779ad20 JavaThread "Cache worker for file hash cache (D:\gradle_cache\caches\9.1.0\fileHashes)"        [_thread_blocked, id=22116, stack(0x0000001da6200000,0x0000001da6300000) (1024K)]
  0x00000130c77985c0 JavaThread "Cache worker for file hash cache (D:\android-projeler\are-we-okay-app\android\.gradle\9.1.0\fileHashes)"        [_thread_blocked, id=4004, stack(0x0000001da6400000,0x0000001da6500000) (1024K)]
  0x00000130c7c45dd0 JavaThread "Cache worker for checksums cache (D:\android-projeler\are-we-okay-app\android\.gradle\9.1.0\checksums)"        [_thread_blocked, id=21828, stack(0x0000001da6500000,0x0000001da6600000) (1024K)]
  0x00000130c7c47180 JavaThread "Cache worker for Build Output Cleanup Cache (D:\android-projeler\are-we-okay-app\android\.gradle\buildOutputCleanup)"        [_thread_blocked, id=22244, stack(0x0000001da6600000,0x0000001da6700000) (1024K)]
  0x00000130c7c48530 JavaThread "Cache worker for file content cache (D:\gradle_cache\caches\9.1.0\fileContent)"        [_thread_blocked, id=3660, stack(0x0000001da6700000,0x0000001da6800000) (1024K)]
  0x00000130c7c46460 JavaThread "File watcher server"        daemon [_thread_in_native, id=18468, stack(0x0000001da6800000,0x0000001da6900000) (1024K)]
  0x00000130c7c47810 JavaThread "File watcher consumer"      daemon [_thread_blocked, id=6148, stack(0x0000001da6900000,0x0000001da6a00000) (1024K)]
  0x00000130c7c47ea0 JavaThread "Cache worker for cache directory md-supplier (D:\gradle_cache\caches\9.1.0\md-supplier)"        [_thread_blocked, id=7344, stack(0x0000001da6a00000,0x0000001da6b00000) (1024K)]
  0x00000130c7c48bc0 JavaThread "Cache worker for cache directory md-rule (D:\gradle_cache\caches\9.1.0\md-rule)"        [_thread_blocked, id=18136, stack(0x0000001da6b00000,0x0000001da6c00000) (1024K)]
  0x00000130c7c45740 JavaThread "build event listener"              [_thread_blocked, id=15364, stack(0x0000001da6d00000,0x0000001da6e00000) (1024K)]
  0x00000130c7c4b9b0 JavaThread "build event listener"              [_thread_blocked, id=22344, stack(0x0000001da6e00000,0x0000001da6f00000) (1024K)]
  0x00000130c7c4ac90 JavaThread "build event listener"              [_thread_blocked, id=11788, stack(0x0000001da6f00000,0x0000001da7000000) (1024K)]
  0x00000130c7c49250 JavaThread "Build operations"                  [_thread_blocked, id=12600, stack(0x0000001da7000000,0x0000001da7100000) (1024K)]
  0x00000130c7c49f70 JavaThread "Memory manager"                    [_thread_blocked, id=14092, stack(0x0000001da6300000,0x0000001da6400000) (1024K)]
  0x00000130c7c4a600 JavaThread "included builds"                   [_thread_blocked, id=10628, stack(0x0000001da6c00000,0x0000001da6d00000) (1024K)]
  0x00000130c7c4b320 JavaThread "Execution worker"                  [_thread_blocked, id=17656, stack(0x0000001da7100000,0x0000001da7200000) (1024K)]
  0x00000130c7c4c040 JavaThread "Execution worker Thread 2"         [_thread_blocked, id=21544, stack(0x0000001da7200000,0x0000001da7300000) (1024K)]
  0x00000130c7c4c6d0 JavaThread "Execution worker Thread 3"         [_thread_blocked, id=9588, stack(0x0000001da7300000,0x0000001da7400000) (1024K)]
  0x00000130ca2ccb00 JavaThread "Execution worker Thread 4"         [_thread_blocked, id=8228, stack(0x0000001da7400000,0x0000001da7500000) (1024K)]
  0x00000130ca2cc470 JavaThread "Execution worker Thread 5"         [_thread_blocked, id=8384, stack(0x0000001da7500000,0x0000001da7600000) (1024K)]
  0x00000130ca2cdeb0 JavaThread "Execution worker Thread 6"         [_thread_blocked, id=17840, stack(0x0000001da7600000,0x0000001da7700000) (1024K)]
  0x00000130ca2cd820 JavaThread "Execution worker Thread 7"         [_thread_blocked, id=12516, stack(0x0000001da7700000,0x0000001da7800000) (1024K)]
  0x00000130ca2cebd0 JavaThread "Cache worker for execution history cache (D:\android-projeler\are-we-okay-app\android\.gradle\9.1.0\executionHistory)"        [_thread_blocked, id=12912, stack(0x0000001da7800000,0x0000001da7900000) (1024K)]
  0x00000130ca2ce540 JavaThread "Unconstrained build operations"        [_thread_blocked, id=7380, stack(0x0000001da5f00000,0x0000001da6000000) (1024K)]
  0x00000130ca2cf260 JavaThread "Unconstrained build operations Thread 2"        [_thread_blocked, id=5396, stack(0x0000001da7900000,0x0000001da7a00000) (1024K)]
  0x00000130ca2cbde0 JavaThread "Unconstrained build operations Thread 4"        [_thread_blocked, id=4668, stack(0x0000001da7a00000,0x0000001da7b00000) (1024K)]
  0x00000130ca2cf8f0 JavaThread "Unconstrained build operations Thread 3"        [_thread_blocked, id=4980, stack(0x0000001da7b00000,0x0000001da7c00000) (1024K)]
  0x00000130ca2cff80 JavaThread "Unconstrained build operations Thread 5"        [_thread_blocked, id=22096, stack(0x0000001da7c00000,0x0000001da7d00000) (1024K)]
  0x00000130ca2d0610 JavaThread "Unconstrained build operations Thread 6"        [_thread_blocked, id=12876, stack(0x0000001da7d00000,0x0000001da7e00000) (1024K)]
  0x00000130ca2cd190 JavaThread "Unconstrained build operations Thread 7"        [_thread_blocked, id=7364, stack(0x0000001da7e00000,0x0000001da7f00000) (1024K)]
  0x00000130ca2d0ca0 JavaThread "Unconstrained build operations Thread 11"        [_thread_blocked, id=2812, stack(0x0000001da7f00000,0x0000001da8000000) (1024K)]
  0x00000130ca2d1330 JavaThread "Unconstrained build operations Thread 8"        [_thread_blocked, id=12372, stack(0x0000001da8000000,0x0000001da8100000) (1024K)]
  0x00000130ca2d19c0 JavaThread "Unconstrained build operations Thread 12"        [_thread_blocked, id=17268, stack(0x0000001da8100000,0x0000001da8200000) (1024K)]
  0x00000130ca2d2050 JavaThread "Unconstrained build operations Thread 9"        [_thread_blocked, id=5972, stack(0x0000001da8200000,0x0000001da8300000) (1024K)]
  0x00000130ca2d26e0 JavaThread "Unconstrained build operations Thread 10"        [_thread_blocked, id=21004, stack(0x0000001da8300000,0x0000001da8400000) (1024K)]
  0x00000130ca2d2d70 JavaThread "Unconstrained build operations Thread 13"        [_thread_blocked, id=2248, stack(0x0000001da8400000,0x0000001da8500000) (1024K)]
  0x00000130ca2d3400 JavaThread "Unconstrained build operations Thread 14"        [_thread_blocked, id=3108, stack(0x0000001da8500000,0x0000001da8600000) (1024K)]
  0x00000130cd146780 JavaThread "Unconstrained build operations Thread 19"        [_thread_blocked, id=16028, stack(0x0000001da8600000,0x0000001da8700000) (1024K)]
  0x00000130cd145a60 JavaThread "Unconstrained build operations Thread 15"        [_thread_blocked, id=9708, stack(0x0000001da8700000,0x0000001da8800000) (1024K)]
  0x00000130cd1446b0 JavaThread "Unconstrained build operations Thread 20"        [_thread_blocked, id=17868, stack(0x0000001da8800000,0x0000001da8900000) (1024K)]
  0x00000130cd1474a0 JavaThread "Unconstrained build operations Thread 17"        [_thread_blocked, id=3132, stack(0x0000001da8900000,0x0000001da8a00000) (1024K)]
  0x00000130cd147b30 JavaThread "Unconstrained build operations Thread 16"        [_thread_blocked, id=21012, stack(0x0000001da8a00000,0x0000001da8b00000) (1024K)]
  0x00000130cd146e10 JavaThread "Unconstrained build operations Thread 18"        [_thread_blocked, id=15600, stack(0x0000001da8b00000,0x0000001da8c00000) (1024K)]
  0x00000130cd144d40 JavaThread "Unconstrained build operations Thread 21"        [_thread_blocked, id=14564, stack(0x0000001da8c00000,0x0000001da8d00000) (1024K)]
  0x00000130cd1481c0 JavaThread "Unconstrained build operations Thread 22"        [_thread_blocked, id=12368, stack(0x0000001da8d00000,0x0000001da8e00000) (1024K)]
  0x00000130cd148850 JavaThread "Unconstrained build operations Thread 23"        [_thread_blocked, id=14896, stack(0x0000001da8e00000,0x0000001da8f00000) (1024K)]
  0x00000130cd1453d0 JavaThread "Unconstrained build operations Thread 26"        [_thread_blocked, id=20996, stack(0x0000001da8f00000,0x0000001da9000000) (1024K)]
  0x00000130cd148ee0 JavaThread "Unconstrained build operations Thread 27"        [_thread_blocked, id=20800, stack(0x0000001da9000000,0x0000001da9100000) (1024K)]
  0x00000130cd149570 JavaThread "Unconstrained build operations Thread 24"        [_thread_blocked, id=14816, stack(0x0000001da9100000,0x0000001da9200000) (1024K)]
  0x00000130cd1460f0 JavaThread "Unconstrained build operations Thread 25"        [_thread_blocked, id=8660, stack(0x0000001da9200000,0x0000001da9300000) (1024K)]
  0x00000130cd149c00 JavaThread "Unconstrained build operations Thread 28"        [_thread_blocked, id=14884, stack(0x0000001da9300000,0x0000001da9400000) (1024K)]
  0x00000130cd14b640 JavaThread "Unconstrained build operations Thread 30"        [_thread_blocked, id=7020, stack(0x0000001da9500000,0x0000001da9600000) (1024K)]
  0x00000130cd14bcd0 JavaThread "Unconstrained build operations Thread 29"        [_thread_blocked, id=2568, stack(0x0000001da9600000,0x0000001da9700000) (1024K)]
  0x00000130cd14a290 JavaThread "Unconstrained build operations Thread 32"        [_thread_blocked, id=14728, stack(0x0000001da9700000,0x0000001da9800000) (1024K)]
  0x00000130cd14a920 JavaThread "Unconstrained build operations Thread 31"        [_thread_blocked, id=12732, stack(0x0000001da9800000,0x0000001da9900000) (1024K)]
  0x00000130cd14afb0 JavaThread "Unconstrained build operations Thread 33"        [_thread_blocked, id=15664, stack(0x0000001da9900000,0x0000001da9a00000) (1024K)]
  0x00000130c695abc0 JavaThread "Unconstrained build operations Thread 34"        [_thread_blocked, id=21020, stack(0x0000001da9a00000,0x0000001da9b00000) (1024K)]
  0x00000130c695c600 JavaThread "Unconstrained build operations Thread 35"        [_thread_blocked, id=5288, stack(0x0000001da9b00000,0x0000001da9c00000) (1024K)]
  0x00000130c695e040 JavaThread "Unconstrained build operations Thread 36"        [_thread_blocked, id=8380, stack(0x0000001da9c00000,0x0000001da9d00000) (1024K)]
  0x00000130c695b250 JavaThread "Unconstrained build operations Thread 37"        [_thread_blocked, id=8240, stack(0x0000001da9d00000,0x0000001da9e00000) (1024K)]
  0x00000130c695cc90 JavaThread "Unconstrained build operations Thread 38"        [_thread_blocked, id=21780, stack(0x0000001da9e00000,0x0000001da9f00000) (1024K)]
  0x00000130c695d320 JavaThread "Unconstrained build operations Thread 39"        [_thread_blocked, id=8760, stack(0x0000001da9f00000,0x0000001daa000000) (1024K)]
  0x00000130c695e6d0 JavaThread "Unconstrained build operations Thread 40"        [_thread_blocked, id=21048, stack(0x0000001daa000000,0x0000001daa100000) (1024K)]
  0x00000130c695d9b0 JavaThread "Unconstrained build operations Thread 41"        [_thread_blocked, id=16380, stack(0x0000001daa100000,0x0000001daa200000) (1024K)]
  0x00000130c695ed60 JavaThread "Unconstrained build operations Thread 42"        [_thread_blocked, id=5736, stack(0x0000001daa200000,0x0000001daa300000) (1024K)]
  0x00000130c695b8e0 JavaThread "Unconstrained build operations Thread 48"        [_thread_blocked, id=7576, stack(0x0000001daa300000,0x0000001daa400000) (1024K)]
  0x00000130c695f3f0 JavaThread "Unconstrained build operations Thread 44"        [_thread_blocked, id=21636, stack(0x0000001daa400000,0x0000001daa500000) (1024K)]
  0x00000130c695bf70 JavaThread "Unconstrained build operations Thread 45"        [_thread_blocked, id=7868, stack(0x0000001daa500000,0x0000001daa600000) (1024K)]
  0x00000130c695fa80 JavaThread "Unconstrained build operations Thread 46"        [_thread_blocked, id=17548, stack(0x0000001daa600000,0x0000001daa700000) (1024K)]
  0x00000130c6960110 JavaThread "Unconstrained build operations Thread 47"        [_thread_blocked, id=13944, stack(0x0000001daa700000,0x0000001daa800000) (1024K)]
  0x00000130c6960e30 JavaThread "Unconstrained build operations Thread 43"        [_thread_blocked, id=21036, stack(0x0000001daa800000,0x0000001daa900000) (1024K)]
  0x00000130c69607a0 JavaThread "Unconstrained build operations Thread 50"        [_thread_blocked, id=13516, stack(0x0000001daa900000,0x0000001daaa00000) (1024K)]
  0x00000130c69614c0 JavaThread "Unconstrained build operations Thread 56"        [_thread_blocked, id=17816, stack(0x0000001daaa00000,0x0000001daab00000) (1024K)]
  0x00000130c6961b50 JavaThread "Unconstrained build operations Thread 51"        [_thread_blocked, id=3876, stack(0x0000001daab00000,0x0000001daac00000) (1024K)]
  0x00000130c69621e0 JavaThread "Unconstrained build operations Thread 52"        [_thread_blocked, id=6392, stack(0x0000001daac00000,0x0000001daad00000) (1024K)]
  0x00000130c91284e0 JavaThread "Unconstrained build operations Thread 53"        [_thread_blocked, id=14508, stack(0x0000001daad00000,0x0000001daae00000) (1024K)]
  0x00000130c91256f0 JavaThread "Unconstrained build operations Thread 54"        [_thread_blocked, id=20020, stack(0x0000001daae00000,0x0000001daaf00000) (1024K)]
  0x00000130c9125060 JavaThread "Unconstrained build operations Thread 55"        [_thread_blocked, id=8052, stack(0x0000001daaf00000,0x0000001dab000000) (1024K)]
  0x00000130c9126410 JavaThread "Unconstrained build operations Thread 49"        [_thread_blocked, id=21492, stack(0x0000001dab000000,0x0000001dab100000) (1024K)]
  0x00000130c9125d80 JavaThread "Unconstrained build operations Thread 57"        [_thread_blocked, id=21448, stack(0x0000001da9400000,0x0000001da9500000) (1024K)]
  0x00000130c9127130 JavaThread "Unconstrained build operations Thread 58"        [_thread_blocked, id=4084, stack(0x0000001dab100000,0x0000001dab200000) (1024K)]
  0x00000130c9129f20 JavaThread "Unconstrained build operations Thread 59"        [_thread_blocked, id=14400, stack(0x0000001dab200000,0x0000001dab300000) (1024K)]
  0x00000130c9128b70 JavaThread "Unconstrained build operations Thread 60"        [_thread_blocked, id=2220, stack(0x0000001dab300000,0x0000001dab400000) (1024K)]
  0x00000130c9127e50 JavaThread "Unconstrained build operations Thread 61"        [_thread_blocked, id=17776, stack(0x0000001dab400000,0x0000001dab500000) (1024K)]
  0x00000130c9129200 JavaThread "Unconstrained build operations Thread 62"        [_thread_blocked, id=2392, stack(0x0000001dab500000,0x0000001dab600000) (1024K)]
  0x00000130c9129890 JavaThread "Unconstrained build operations Thread 63"        [_thread_blocked, id=22408, stack(0x0000001dab600000,0x0000001dab700000) (1024K)]
  0x00000130c912a5b0 JavaThread "Unconstrained build operations Thread 64"        [_thread_blocked, id=20544, stack(0x0000001dab700000,0x0000001dab800000) (1024K)]
  0x00000130c912b2d0 JavaThread "Unconstrained build operations Thread 65"        [_thread_blocked, id=21080, stack(0x0000001dab800000,0x0000001dab900000) (1024K)]
  0x00000130c912c680 JavaThread "Unconstrained build operations Thread 66"        [_thread_blocked, id=8416, stack(0x0000001dab900000,0x0000001daba00000) (1024K)]
  0x00000130c912b960 JavaThread "Unconstrained build operations Thread 67"        [_thread_blocked, id=5380, stack(0x0000001daba00000,0x0000001dabb00000) (1024K)]
  0x00000130c912bff0 JavaThread "Unconstrained build operations Thread 68"        [_thread_blocked, id=15244, stack(0x0000001dabb00000,0x0000001dabc00000) (1024K)]
  0x00000130c8e938b0 JavaThread "Unconstrained build operations Thread 69"        [_thread_blocked, id=16604, stack(0x0000001dabc00000,0x0000001dabd00000) (1024K)]
  0x00000130c8e93220 JavaThread "Unconstrained build operations Thread 70"        [_thread_blocked, id=2024, stack(0x0000001dabd00000,0x0000001dabe00000) (1024K)]
  0x00000130c8e93f40 JavaThread "Unconstrained build operations Thread 71"        [_thread_blocked, id=11904, stack(0x0000001dabe00000,0x0000001dabf00000) (1024K)]
  0x00000130c8e952f0 JavaThread "Unconstrained build operations Thread 72"        [_thread_blocked, id=17560, stack(0x0000001dabf00000,0x0000001dac000000) (1024K)]
  0x00000130c8e945d0 JavaThread "Unconstrained build operations Thread 73"        [_thread_blocked, id=12540, stack(0x0000001dac000000,0x0000001dac100000) (1024K)]
  0x00000130c8e95980 JavaThread "Unconstrained build operations Thread 74"        [_thread_blocked, id=14344, stack(0x0000001dac100000,0x0000001dac200000) (1024K)]
  0x00000130c8e92b90 JavaThread "Unconstrained build operations Thread 75"        [_thread_blocked, id=11260, stack(0x0000001dac200000,0x0000001dac300000) (1024K)]
  0x00000130c8e96010 JavaThread "Unconstrained build operations Thread 76"        [_thread_blocked, id=11740, stack(0x0000001dac300000,0x0000001dac400000) (1024K)]
  0x00000130c8e973c0 JavaThread "Unconstrained build operations Thread 77"        [_thread_blocked, id=21760, stack(0x0000001dac400000,0x0000001dac500000) (1024K)]
  0x00000130c8e96d30 JavaThread "Unconstrained build operations Thread 78"        [_thread_blocked, id=14972, stack(0x0000001dac500000,0x0000001dac600000) (1024K)]
  0x00000130c8e97a50 JavaThread "Unconstrained build operations Thread 79"        [_thread_blocked, id=21228, stack(0x0000001dac600000,0x0000001dac700000) (1024K)]
  0x00000130c8e966a0 JavaThread "Unconstrained build operations Thread 80"        [_thread_blocked, id=21464, stack(0x0000001dac700000,0x0000001dac800000) (1024K)]
  0x00000130c8e980e0 JavaThread "WorkerExecutor Queue"              [_thread_blocked, id=6468, stack(0x0000001dac800000,0x0000001dac900000) (1024K)]
  0x00000130c8e94c60 JavaThread "WorkerExecutor Queue Thread 2"        [_thread_blocked, id=1196, stack(0x0000001dac900000,0x0000001daca00000) (1024K)]
  0x00000130c8e98770 JavaThread "WorkerExecutor Queue Thread 3"        [_thread_blocked, id=15500, stack(0x0000001daca00000,0x0000001dacb00000) (1024K)]
  0x00000130c8e9a1b0 JavaThread "WorkerExecutor Queue Thread 4"        [_thread_blocked, id=4200, stack(0x0000001dacb00000,0x0000001dacc00000) (1024K)]
  0x00000130c8e98e00 JavaThread "WorkerExecutor Queue Thread 5"        [_thread_blocked, id=2860, stack(0x0000001dacc00000,0x0000001dacd00000) (1024K)]
  0x00000130c8e99490 JavaThread "WorkerExecutor Queue Thread 6"        [_thread_blocked, id=21548, stack(0x0000001dacd00000,0x0000001dace00000) (1024K)]
  0x00000130cc5748a0 JavaThread "WorkerExecutor Queue Thread 7"        [_thread_blocked, id=14684, stack(0x0000001da3800000,0x0000001da3900000) (1024K)]
  0x00000130cd699ba0 JavaThread "WorkerExecutor Queue Thread 8"        [_thread_blocked, id=15416, stack(0x0000001dace00000,0x0000001dacf00000) (1024K)]
  0x00000130c88466f0 JavaThread "C2 CompilerThread1"         daemon [_thread_blocked, id=9268, stack(0x0000001da3900000,0x0000001da3a00000) (1024K)]
  0x00000130c8847490 JavaThread "C2 CompilerThread2"         daemon [_thread_blocked, id=10744, stack(0x0000001da3a00000,0x0000001da3b00000) (1024K)]
Total: 136

Other Threads:
=>0x00000130c10fc340 VMThread "VM Thread"                           [id=10172, stack(0x0000001da4200000,0x0000001da4300000) (1024K)]
  0x00000130c1085a90 WatcherThread "VM Periodic Task Thread"        [id=6908, stack(0x0000001da4100000,0x0000001da4200000) (1024K)]
  0x00000130a9a3b640 WorkerThread "GC Thread#0"                     [id=7572, stack(0x0000001da3c00000,0x0000001da3d00000) (1024K)]
  0x00000130c1c03000 WorkerThread "GC Thread#1"                     [id=1648, stack(0x0000001da4f00000,0x0000001da5000000) (1024K)]
  0x00000130c1a28080 WorkerThread "GC Thread#2"                     [id=6684, stack(0x0000001da5000000,0x0000001da5100000) (1024K)]
  0x00000130c19fefb0 WorkerThread "GC Thread#3"                     [id=19332, stack(0x0000001da5100000,0x0000001da5200000) (1024K)]
  0x00000130c19ff350 WorkerThread "GC Thread#4"                     [id=2472, stack(0x0000001da5200000,0x0000001da5300000) (1024K)]
  0x00000130c1d7db40 WorkerThread "GC Thread#5"                     [id=14084, stack(0x0000001da5300000,0x0000001da5400000) (1024K)]
  0x00000130c74605e0 WorkerThread "GC Thread#6"                     [id=13060, stack(0x0000001da5500000,0x0000001da5600000) (1024K)]
  0x00000130c7460980 WorkerThread "GC Thread#7"                     [id=15652, stack(0x0000001da5600000,0x0000001da5700000) (1024K)]
  0x00000130a9a4d370 ConcurrentGCThread "G1 Main Marker"            [id=2996, stack(0x0000001da3d00000,0x0000001da3e00000) (1024K)]
  0x00000130a9a4e590 WorkerThread "G1 Conc#0"                       [id=9168, stack(0x0000001da3e00000,0x0000001da3f00000) (1024K)]
  0x00000130c7625a40 WorkerThread "G1 Conc#1"                       [id=5404, stack(0x0000001da4d00000,0x0000001da4e00000) (1024K)]
  0x00000130c0fd6ad0 ConcurrentGCThread "G1 Refine#0"               [id=10508, stack(0x0000001da3f00000,0x0000001da4000000) (1024K)]
  0x00000130c0fd9f20 ConcurrentGCThread "G1 Service"                [id=16728, stack(0x0000001da4000000,0x0000001da4100000) (1024K)]
Total: 15

Threads with active compile tasks:
C2 CompilerThread0  132722 17535 %     4       com.android.tools.r8.internal.u51::a @ 3184 (3928 bytes)
C2 CompilerThread1  132722 17302 %     4       com.android.tools.r8.internal.t52::a @ 1059 (3042 bytes)
C2 CompilerThread2  132722 17527       4       com.android.tools.r8.internal.ii4::a (616 bytes)
Total: 3

VM state: at safepoint (normal execution)

VM Mutex/Monitor currently owned by a thread:  ([mutex/lock_event])
[0x00007fffcfaf85b8] Threads_lock - owner thread: 0x00000130c10fc340
[0x00007fffcfaf86b8] Heap_lock - owner thread: 0x00000130c8e96d30

Heap address: 0x0000000080000000, size: 2048 MB, Compressed Oops mode: 32-bit

CDS archive(s) not mapped
Compressed class space mapped at: 0x0000000100000000-0x0000000140000000, reserved size: 1073741824
Narrow klass base: 0x0000000000000000, Narrow klass shift: 3, Narrow klass range: 0x140000000

GC Precious Log:
 CardTable entry size: 512
 Card Set container configuration: InlinePtr #cards 5 size 8 Array Of Cards #cards 12 size 40 Howl #buckets 4 coarsen threshold 1843 Howl Bitmap #cards 512 size 80 coarsen threshold 460 Card regions per heap region 1 cards per card region 2048
 CPUs: 8 total, 8 available
 Memory: 16173M
 Large Page Support: Disabled
 NUMA Support: Disabled
 Compressed Oops: Enabled (32-bit)
 Heap Region Size: 1M
 Heap Min Capacity: 8M
 Heap Initial Capacity: 254M
 Heap Max Capacity: 2G
 Pre-touch: Disabled
 Parallel Workers: 8
 Concurrent Workers: 2
 Concurrent Refinement Workers: 8
 Periodic GC: Disabled

Heap:
 garbage-first heap   total 343040K, used 198052K [0x0000000080000000, 0x0000000100000000)
  region size 1024K, 6 young (6144K), 6 survivors (6144K)
 Metaspace       used 112153K, committed 114304K, reserved 1179648K
  class space    used 15661K, committed 16768K, reserved 1048576K

Heap Regions: E=young(eden), S=young(survivor), O=old, HS=humongous(starts), HC=humongous(continues), CS=collection set, F=free, TAMS=top-at-mark-start, PB=parsable bottom
|   0|0x0000000080000000, 0x0000000080100000, 0x0000000080100000|100%|HS|  |TAMS 0x0000000080000000| PB 0x0000000080000000| Complete 
|   1|0x0000000080100000, 0x0000000080200000, 0x0000000080200000|100%|HC|  |TAMS 0x0000000080100000| PB 0x0000000080100000| Complete 
|   2|0x0000000080200000, 0x0000000080300000, 0x0000000080300000|100%|HC|  |TAMS 0x0000000080200000| PB 0x0000000080200000| Complete 
|   3|0x0000000080300000, 0x0000000080400000, 0x0000000080400000|100%|HS|  |TAMS 0x0000000080300000| PB 0x0000000080300000| Complete 
|   4|0x0000000080400000, 0x0000000080500000, 0x0000000080500000|100%| O|  |TAMS 0x0000000080400000| PB 0x0000000080400000| Untracked 
|   5|0x0000000080500000, 0x0000000080600000, 0x0000000080600000|100%| O|  |TAMS 0x0000000080500000| PB 0x0000000080500000| Untracked 
|   6|0x0000000080600000, 0x0000000080700000, 0x0000000080700000|100%|HS|  |TAMS 0x0000000080600000| PB 0x0000000080600000| Complete 
|   7|0x0000000080700000, 0x0000000080800000, 0x0000000080800000|100%| O|  |TAMS 0x0000000080700000| PB 0x0000000080700000| Untracked 
|   8|0x0000000080800000, 0x0000000080900000, 0x0000000080900000|100%| O|  |TAMS 0x0000000080800000| PB 0x0000000080800000| Untracked 
|   9|0x0000000080900000, 0x0000000080a00000, 0x0000000080a00000|100%| O|  |TAMS 0x0000000080900000| PB 0x0000000080900000| Untracked 
|  10|0x0000000080a00000, 0x0000000080b00000, 0x0000000080b00000|100%| O|  |TAMS 0x0000000080a00000| PB 0x0000000080a00000| Untracked 
|  11|0x0000000080b00000, 0x0000000080c00000, 0x0000000080c00000|100%| O|  |TAMS 0x0000000080b00000| PB 0x0000000080b00000| Untracked 
|  12|0x0000000080c00000, 0x0000000080d00000, 0x0000000080d00000|100%| O|  |TAMS 0x0000000080c00000| PB 0x0000000080c00000| Untracked 
|  13|0x0000000080d00000, 0x0000000080e00000, 0x0000000080e00000|100%| O|  |TAMS 0x0000000080d00000| PB 0x0000000080d00000| Untracked 
|  14|0x0000000080e00000, 0x0000000080f00000, 0x0000000080f00000|100%| O|  |TAMS 0x0000000080e00000| PB 0x0000000080e00000| Untracked 
|  15|0x0000000080f00000, 0x0000000081000000, 0x0000000081000000|100%| O|  |TAMS 0x0000000080f00000| PB 0x0000000080f00000| Untracked 
|  16|0x0000000081000000, 0x0000000081100000, 0x0000000081100000|100%| O|  |TAMS 0x0000000081000000| PB 0x0000000081000000| Untracked 
|  17|0x0000000081100000, 0x0000000081200000, 0x0000000081200000|100%| O|  |TAMS 0x0000000081100000| PB 0x0000000081100000| Untracked 
|  18|0x0000000081200000, 0x0000000081300000, 0x0000000081300000|100%| O|  |TAMS 0x0000000081200000| PB 0x0000000081200000| Untracked 
|  19|0x0000000081300000, 0x0000000081400000, 0x0000000081400000|100%| O|  |TAMS 0x0000000081300000| PB 0x0000000081300000| Untracked 
|  20|0x0000000081400000, 0x0000000081500000, 0x0000000081500000|100%| O|  |TAMS 0x0000000081400000| PB 0x0000000081400000| Untracked 
|  21|0x0000000081500000, 0x0000000081600000, 0x0000000081600000|100%| O|  |TAMS 0x0000000081500000| PB 0x0000000081500000| Untracked 
|  22|0x0000000081600000, 0x0000000081700000, 0x0000000081700000|100%| O|  |TAMS 0x0000000081600000| PB 0x0000000081600000| Untracked 
|  23|0x0000000081700000, 0x0000000081800000, 0x0000000081800000|100%| O|  |TAMS 0x0000000081700000| PB 0x0000000081700000| Untracked 
|  24|0x0000000081800000, 0x0000000081900000, 0x0000000081900000|100%|HS|  |TAMS 0x0000000081800000| PB 0x0000000081800000| Complete 
|  25|0x0000000081900000, 0x0000000081a00000, 0x0000000081a00000|100%|HS|  |TAMS 0x0000000081900000| PB 0x0000000081900000| Complete 
|  26|0x0000000081a00000, 0x0000000081b00000, 0x0000000081b00000|100%|HS|  |TAMS 0x0000000081a00000| PB 0x0000000081a00000| Complete 
|  27|0x0000000081b00000, 0x0000000081c00000, 0x0000000081c00000|100%| O|  |TAMS 0x0000000081b00000| PB 0x0000000081b00000| Untracked 
|  28|0x0000000081c00000, 0x0000000081d00000, 0x0000000081d00000|100%|HS|  |TAMS 0x0000000081c00000| PB 0x0000000081c00000| Complete 
|  29|0x0000000081d00000, 0x0000000081e00000, 0x0000000081e00000|100%|HC|  |TAMS 0x0000000081d00000| PB 0x0000000081d00000| Complete 
|  30|0x0000000081e00000, 0x0000000081f00000, 0x0000000081f00000|100%| O|  |TAMS 0x0000000081e00000| PB 0x0000000081e00000| Untracked 
|  31|0x0000000081f00000, 0x0000000082000000, 0x0000000082000000|100%| O|  |TAMS 0x0000000081f00000| PB 0x0000000081f00000| Untracked 
|  32|0x0000000082000000, 0x0000000082100000, 0x0000000082100000|100%| O|  |TAMS 0x0000000082000000| PB 0x0000000082000000| Untracked 
|  33|0x0000000082100000, 0x0000000082200000, 0x0000000082200000|100%|HS|  |TAMS 0x0000000082100000| PB 0x0000000082100000| Complete 
|  34|0x0000000082200000, 0x0000000082300000, 0x0000000082300000|100%|HC|  |TAMS 0x0000000082200000| PB 0x0000000082200000| Complete 
|  35|0x0000000082300000, 0x0000000082400000, 0x0000000082400000|100%| O|  |TAMS 0x0000000082300000| PB 0x0000000082300000| Untracked 
|  36|0x0000000082400000, 0x0000000082500000, 0x0000000082500000|100%| O|  |TAMS 0x0000000082400000| PB 0x0000000082400000| Untracked 
|  37|0x0000000082500000, 0x0000000082600000, 0x0000000082600000|100%| O|  |TAMS 0x0000000082500000| PB 0x0000000082500000| Untracked 
|  38|0x0000000082600000, 0x0000000082700000, 0x0000000082700000|100%| O|  |TAMS 0x0000000082600000| PB 0x0000000082600000| Untracked 
|  39|0x0000000082700000, 0x0000000082800000, 0x0000000082800000|100%| O|  |TAMS 0x0000000082700000| PB 0x0000000082700000| Untracked 
|  40|0x0000000082800000, 0x0000000082900000, 0x0000000082900000|100%| O|  |TAMS 0x0000000082800000| PB 0x0000000082800000| Untracked 
|  41|0x0000000082900000, 0x0000000082a00000, 0x0000000082a00000|100%|HS|  |TAMS 0x0000000082900000| PB 0x0000000082900000| Complete 
|  42|0x0000000082a00000, 0x0000000082b00000, 0x0000000082b00000|100%| O|  |TAMS 0x0000000082a00000| PB 0x0000000082a00000| Untracked 
|  43|0x0000000082b00000, 0x0000000082c00000, 0x0000000082c00000|100%|HS|  |TAMS 0x0000000082b00000| PB 0x0000000082b00000| Complete 
|  44|0x0000000082c00000, 0x0000000082d00000, 0x0000000082d00000|100%| O|  |TAMS 0x0000000082c00000| PB 0x0000000082c00000| Untracked 
|  45|0x0000000082d00000, 0x0000000082e00000, 0x0000000082e00000|100%| O|  |TAMS 0x0000000082d00000| PB 0x0000000082d00000| Untracked 
|  46|0x0000000082e00000, 0x0000000082f00000, 0x0000000082f00000|100%| O|  |TAMS 0x0000000082e00000| PB 0x0000000082e00000| Untracked 
|  47|0x0000000082f00000, 0x0000000083000000, 0x0000000083000000|100%| O|  |TAMS 0x0000000082f00000| PB 0x0000000082f00000| Untracked 
|  48|0x0000000083000000, 0x0000000083100000, 0x0000000083100000|100%| O|  |TAMS 0x0000000083000000| PB 0x0000000083000000| Untracked 
|  49|0x0000000083100000, 0x0000000083200000, 0x0000000083200000|100%| O|  |TAMS 0x0000000083100000| PB 0x0000000083100000| Untracked 
|  50|0x0000000083200000, 0x0000000083300000, 0x0000000083300000|100%| O|  |TAMS 0x0000000083200000| PB 0x0000000083200000| Untracked 
|  51|0x0000000083300000, 0x0000000083400000, 0x0000000083400000|100%| O|  |TAMS 0x0000000083300000| PB 0x0000000083300000| Untracked 
|  52|0x0000000083400000, 0x0000000083500000, 0x0000000083500000|100%| O|  |TAMS 0x0000000083400000| PB 0x0000000083400000| Untracked 
|  53|0x0000000083500000, 0x0000000083600000, 0x0000000083600000|100%| O|  |TAMS 0x0000000083500000| PB 0x0000000083500000| Untracked 
|  54|0x0000000083600000, 0x0000000083700000, 0x0000000083700000|100%| O|  |TAMS 0x0000000083600000| PB 0x0000000083600000| Untracked 
|  55|0x0000000083700000, 0x0000000083800000, 0x0000000083800000|100%| O|  |TAMS 0x0000000083700000| PB 0x0000000083700000| Untracked 
|  56|0x0000000083800000, 0x0000000083900000, 0x0000000083900000|100%| O|  |TAMS 0x0000000083800000| PB 0x0000000083800000| Untracked 
|  57|0x0000000083900000, 0x0000000083a00000, 0x0000000083a00000|100%| O|  |TAMS 0x0000000083900000| PB 0x0000000083900000| Untracked 
|  58|0x0000000083a00000, 0x0000000083b00000, 0x0000000083b00000|100%| O|  |TAMS 0x0000000083a00000| PB 0x0000000083a00000| Untracked 
|  59|0x0000000083b00000, 0x0000000083c00000, 0x0000000083c00000|100%| O|  |TAMS 0x0000000083b00000| PB 0x0000000083b00000| Untracked 
|  60|0x0000000083c00000, 0x0000000083d00000, 0x0000000083d00000|100%| O|  |TAMS 0x0000000083c00000| PB 0x0000000083c00000| Untracked 
|  61|0x0000000083d00000, 0x0000000083e00000, 0x0000000083e00000|100%| O|  |TAMS 0x0000000083d00000| PB 0x0000000083d00000| Untracked 
|  62|0x0000000083e00000, 0x0000000083f00000, 0x0000000083f00000|100%| O|  |TAMS 0x0000000083e00000| PB 0x0000000083e00000| Untracked 
|  63|0x0000000083f00000, 0x0000000084000000, 0x0000000084000000|100%| O|  |TAMS 0x0000000083f00000| PB 0x0000000083f00000| Untracked 
|  64|0x0000000084000000, 0x0000000084100000, 0x0000000084100000|100%| O|  |TAMS 0x0000000084000000| PB 0x0000000084000000| Untracked 
|  65|0x0000000084100000, 0x0000000084200000, 0x0000000084200000|100%| O|  |TAMS 0x0000000084100000| PB 0x0000000084100000| Untracked 
|  66|0x0000000084200000, 0x0000000084300000, 0x0000000084300000|100%| O|  |TAMS 0x0000000084200000| PB 0x0000000084200000| Untracked 
|  67|0x0000000084300000, 0x0000000084300000, 0x0000000084400000|  0%| F|  |TAMS 0x0000000084300000| PB 0x0000000084300000| Untracked 
|  68|0x0000000084400000, 0x0000000084400000, 0x0000000084500000|  0%| F|  |TAMS 0x0000000084400000| PB 0x0000000084400000| Untracked 
|  69|0x0000000084500000, 0x0000000084600000, 0x0000000084600000|100%| O|  |TAMS 0x0000000084500000| PB 0x0000000084500000| Untracked 
|  70|0x0000000084600000, 0x0000000084700000, 0x0000000084700000|100%| O|  |TAMS 0x0000000084600000| PB 0x0000000084600000| Untracked 
|  71|0x0000000084700000, 0x0000000084800000, 0x0000000084800000|100%| O|  |TAMS 0x0000000084700000| PB 0x0000000084700000| Untracked 
|  72|0x0000000084800000, 0x0000000084900000, 0x0000000084900000|100%| O|  |TAMS 0x0000000084800000| PB 0x0000000084800000| Untracked 
|  73|0x0000000084900000, 0x0000000084a00000, 0x0000000084a00000|100%| O|  |TAMS 0x0000000084900000| PB 0x0000000084900000| Untracked 
|  74|0x0000000084a00000, 0x0000000084b00000, 0x0000000084b00000|100%| O|  |TAMS 0x0000000084a00000| PB 0x0000000084a00000| Untracked 
|  75|0x0000000084b00000, 0x0000000084c00000, 0x0000000084c00000|100%| O|  |TAMS 0x0000000084b00000| PB 0x0000000084b00000| Untracked 
|  76|0x0000000084c00000, 0x0000000084d00000, 0x0000000084d00000|100%| O|  |TAMS 0x0000000084c00000| PB 0x0000000084c00000| Untracked 
|  77|0x0000000084d00000, 0x0000000084e00000, 0x0000000084e00000|100%| O|  |TAMS 0x0000000084d00000| PB 0x0000000084d00000| Untracked 
|  78|0x0000000084e00000, 0x0000000084f00000, 0x0000000084f00000|100%| O|  |TAMS 0x0000000084e00000| PB 0x0000000084e00000| Untracked 
|  79|0x0000000084f00000, 0x0000000084f00000, 0x0000000085000000|  0%| F|  |TAMS 0x0000000084f00000| PB 0x0000000084f00000| Untracked 
|  80|0x0000000085000000, 0x0000000085100000, 0x0000000085100000|100%| O|  |TAMS 0x0000000085000000| PB 0x0000000085000000| Untracked 
|  81|0x0000000085100000, 0x0000000085200000, 0x0000000085200000|100%| O|  |TAMS 0x0000000085100000| PB 0x0000000085100000| Untracked 
|  82|0x0000000085200000, 0x0000000085300000, 0x0000000085300000|100%| O|  |TAMS 0x0000000085200000| PB 0x0000000085200000| Untracked 
|  83|0x0000000085300000, 0x0000000085400000, 0x0000000085400000|100%| O|  |TAMS 0x0000000085300000| PB 0x0000000085300000| Untracked 
|  84|0x0000000085400000, 0x0000000085500000, 0x0000000085500000|100%| O|  |TAMS 0x0000000085400000| PB 0x0000000085400000| Untracked 
|  85|0x0000000085500000, 0x0000000085600000, 0x0000000085600000|100%| O|  |TAMS 0x0000000085500000| PB 0x0000000085500000| Untracked 
|  86|0x0000000085600000, 0x0000000085700000, 0x0000000085700000|100%| O|  |TAMS 0x0000000085600000| PB 0x0000000085600000| Untracked 
|  87|0x0000000085700000, 0x0000000085800000, 0x0000000085800000|100%| O|  |TAMS 0x0000000085700000| PB 0x0000000085700000| Untracked 
|  88|0x0000000085800000, 0x0000000085900000, 0x0000000085900000|100%| O|  |TAMS 0x0000000085800000| PB 0x0000000085800000| Untracked 
|  89|0x0000000085900000, 0x0000000085a00000, 0x0000000085a00000|100%| O|  |TAMS 0x0000000085900000| PB 0x0000000085900000| Untracked 
|  90|0x0000000085a00000, 0x0000000085b00000, 0x0000000085b00000|100%| O|  |TAMS 0x0000000085a00000| PB 0x0000000085a00000| Untracked 
|  91|0x0000000085b00000, 0x0000000085c00000, 0x0000000085c00000|100%| O|  |TAMS 0x0000000085b00000| PB 0x0000000085b00000| Untracked 
|  92|0x0000000085c00000, 0x0000000085d00000, 0x0000000085d00000|100%| O|  |TAMS 0x0000000085c00000| PB 0x0000000085c00000| Untracked 
|  93|0x0000000085d00000, 0x0000000085e00000, 0x0000000085e00000|100%| O|  |TAMS 0x0000000085d00000| PB 0x0000000085d00000| Untracked 
|  94|0x0000000085e00000, 0x0000000085f00000, 0x0000000085f00000|100%| O|  |TAMS 0x0000000085e00000| PB 0x0000000085e00000| Untracked 
|  95|0x0000000085f00000, 0x0000000086000000, 0x0000000086000000|100%| O|  |TAMS 0x0000000085f00000| PB 0x0000000085f00000| Untracked 
|  96|0x0000000086000000, 0x0000000086100000, 0x0000000086100000|100%| O|  |TAMS 0x0000000086000000| PB 0x0000000086000000| Untracked 
|  97|0x0000000086100000, 0x0000000086200000, 0x0000000086200000|100%| O|  |TAMS 0x0000000086100000| PB 0x0000000086100000| Untracked 
|  98|0x0000000086200000, 0x0000000086300000, 0x0000000086300000|100%| O|  |TAMS 0x0000000086200000| PB 0x0000000086200000| Untracked 
|  99|0x0000000086300000, 0x0000000086400000, 0x0000000086400000|100%| O|  |TAMS 0x0000000086300000| PB 0x0000000086300000| Untracked 
| 100|0x0000000086400000, 0x0000000086500000, 0x0000000086500000|100%| O|  |TAMS 0x0000000086400000| PB 0x0000000086400000| Untracked 
| 101|0x0000000086500000, 0x0000000086600000, 0x0000000086600000|100%| O|  |TAMS 0x0000000086500000| PB 0x0000000086500000| Untracked 
| 102|0x0000000086600000, 0x0000000086700000, 0x0000000086700000|100%| O|  |TAMS 0x0000000086600000| PB 0x0000000086600000| Untracked 
| 103|0x0000000086700000, 0x0000000086800000, 0x0000000086800000|100%| O|  |TAMS 0x0000000086700000| PB 0x0000000086700000| Untracked 
| 104|0x0000000086800000, 0x0000000086900000, 0x0000000086900000|100%| O|  |TAMS 0x0000000086800000| PB 0x0000000086800000| Untracked 
| 105|0x0000000086900000, 0x0000000086a00000, 0x0000000086a00000|100%| O|  |TAMS 0x0000000086900000| PB 0x0000000086900000| Untracked 
| 106|0x0000000086a00000, 0x0000000086b00000, 0x0000000086b00000|100%| O|  |TAMS 0x0000000086a00000| PB 0x0000000086a00000| Untracked 
| 107|0x0000000086b00000, 0x0000000086c00000, 0x0000000086c00000|100%| O|  |TAMS 0x0000000086b00000| PB 0x0000000086b00000| Untracked 
| 108|0x0000000086c00000, 0x0000000086d00000, 0x0000000086d00000|100%| O|  |TAMS 0x0000000086c00000| PB 0x0000000086c00000| Untracked 
| 109|0x0000000086d00000, 0x0000000086e00000, 0x0000000086e00000|100%| O|  |TAMS 0x0000000086d00000| PB 0x0000000086d00000| Untracked 
| 110|0x0000000086e00000, 0x0000000086f00000, 0x0000000086f00000|100%| O|  |TAMS 0x0000000086e00000| PB 0x0000000086e00000| Untracked 
| 111|0x0000000086f00000, 0x0000000087000000, 0x0000000087000000|100%| O|  |TAMS 0x0000000086f00000| PB 0x0000000086f00000| Untracked 
| 112|0x0000000087000000, 0x0000000087100000, 0x0000000087100000|100%| O|  |TAMS 0x0000000087000000| PB 0x0000000087000000| Untracked 
| 113|0x0000000087100000, 0x0000000087200000, 0x0000000087200000|100%| O|  |TAMS 0x0000000087100000| PB 0x0000000087100000| Untracked 
| 114|0x0000000087200000, 0x0000000087300000, 0x0000000087300000|100%| O|  |TAMS 0x0000000087200000| PB 0x0000000087200000| Untracked 
| 115|0x0000000087300000, 0x0000000087400000, 0x0000000087400000|100%| O|  |TAMS 0x0000000087300000| PB 0x0000000087300000| Untracked 
| 116|0x0000000087400000, 0x0000000087500000, 0x0000000087500000|100%| O|  |TAMS 0x0000000087400000| PB 0x0000000087400000| Untracked 
| 117|0x0000000087500000, 0x0000000087600000, 0x0000000087600000|100%| O|  |TAMS 0x0000000087500000| PB 0x0000000087500000| Untracked 
| 118|0x0000000087600000, 0x0000000087700000, 0x0000000087700000|100%| O|  |TAMS 0x0000000087600000| PB 0x0000000087600000| Untracked 
| 119|0x0000000087700000, 0x0000000087800000, 0x0000000087800000|100%| O|  |TAMS 0x0000000087700000| PB 0x0000000087700000| Untracked 
| 120|0x0000000087800000, 0x0000000087900000, 0x0000000087900000|100%| O|  |TAMS 0x0000000087800000| PB 0x0000000087800000| Untracked 
| 121|0x0000000087900000, 0x0000000087a00000, 0x0000000087a00000|100%| O|  |TAMS 0x0000000087900000| PB 0x0000000087900000| Untracked 
| 122|0x0000000087a00000, 0x0000000087b00000, 0x0000000087b00000|100%| O|  |TAMS 0x0000000087a00000| PB 0x0000000087a00000| Untracked 
| 123|0x0000000087b00000, 0x0000000087c00000, 0x0000000087c00000|100%| O|  |TAMS 0x0000000087b00000| PB 0x0000000087b00000| Untracked 
| 124|0x0000000087c00000, 0x0000000087d00000, 0x0000000087d00000|100%| O|  |TAMS 0x0000000087c00000| PB 0x0000000087c00000| Untracked 
| 125|0x0000000087d00000, 0x0000000087e00000, 0x0000000087e00000|100%| O|  |TAMS 0x0000000087d00000| PB 0x0000000087d00000| Untracked 
| 126|0x0000000087e00000, 0x0000000087f00000, 0x0000000087f00000|100%| O|  |TAMS 0x0000000087e00000| PB 0x0000000087e00000| Untracked 
| 127|0x0000000087f00000, 0x0000000088000000, 0x0000000088000000|100%| O|  |TAMS 0x0000000087f00000| PB 0x0000000087f00000| Untracked 
| 128|0x0000000088000000, 0x0000000088100000, 0x0000000088100000|100%| O|  |TAMS 0x0000000088000000| PB 0x0000000088000000| Untracked 
| 129|0x0000000088100000, 0x0000000088200000, 0x0000000088200000|100%| O|  |TAMS 0x0000000088100000| PB 0x0000000088100000| Untracked 
| 130|0x0000000088200000, 0x0000000088300000, 0x0000000088300000|100%| O|  |TAMS 0x0000000088200000| PB 0x0000000088200000| Untracked 
| 131|0x0000000088300000, 0x0000000088400000, 0x0000000088400000|100%| O|  |TAMS 0x0000000088300000| PB 0x0000000088300000| Untracked 
| 132|0x0000000088400000, 0x0000000088500000, 0x0000000088500000|100%| O|  |TAMS 0x0000000088400000| PB 0x0000000088400000| Untracked 
| 133|0x0000000088500000, 0x0000000088600000, 0x0000000088600000|100%| O|  |TAMS 0x0000000088500000| PB 0x0000000088500000| Untracked 
| 134|0x0000000088600000, 0x00000000886a2720, 0x0000000088700000| 63%| O|  |TAMS 0x0000000088600000| PB 0x0000000088600000| Untracked 
| 135|0x0000000088700000, 0x0000000088700000, 0x0000000088800000|  0%| F|  |TAMS 0x0000000088700000| PB 0x0000000088700000| Untracked 
| 136|0x0000000088800000, 0x0000000088900000, 0x0000000088900000|100%| O|  |TAMS 0x0000000088800000| PB 0x0000000088800000| Untracked 
| 137|0x0000000088900000, 0x0000000088a00000, 0x0000000088a00000|100%| O|  |TAMS 0x0000000088900000| PB 0x0000000088900000| Untracked 
| 138|0x0000000088a00000, 0x0000000088b00000, 0x0000000088b00000|100%| O|  |TAMS 0x0000000088a00000| PB 0x0000000088a00000| Untracked 
| 139|0x0000000088b00000, 0x0000000088c00000, 0x0000000088c00000|100%| O|  |TAMS 0x0000000088b00000| PB 0x0000000088b00000| Untracked 
| 140|0x0000000088c00000, 0x0000000088c00000, 0x0000000088d00000|  0%| F|  |TAMS 0x0000000088c00000| PB 0x0000000088c00000| Untracked 
| 141|0x0000000088d00000, 0x0000000088d00000, 0x0000000088e00000|  0%| F|  |TAMS 0x0000000088d00000| PB 0x0000000088d00000| Untracked 
| 142|0x0000000088e00000, 0x0000000088f00000, 0x0000000088f00000|100%| O|  |TAMS 0x0000000088e00000| PB 0x0000000088e00000| Untracked 
| 143|0x0000000088f00000, 0x0000000089000000, 0x0000000089000000|100%| O|  |TAMS 0x0000000088f00000| PB 0x0000000088f00000| Untracked 
| 144|0x0000000089000000, 0x0000000089100000, 0x0000000089100000|100%| O|  |TAMS 0x0000000089000000| PB 0x0000000089000000| Untracked 
| 145|0x0000000089100000, 0x0000000089200000, 0x0000000089200000|100%| O|  |TAMS 0x0000000089100000| PB 0x0000000089100000| Untracked 
| 146|0x0000000089200000, 0x0000000089300000, 0x0000000089300000|100%| O|  |TAMS 0x0000000089200000| PB 0x0000000089200000| Untracked 
| 147|0x0000000089300000, 0x0000000089300000, 0x0000000089400000|  0%| F|  |TAMS 0x0000000089300000| PB 0x0000000089300000| Untracked 
| 148|0x0000000089400000, 0x0000000089500000, 0x0000000089500000|100%| O|  |TAMS 0x0000000089400000| PB 0x0000000089400000| Untracked 
| 149|0x0000000089500000, 0x0000000089600000, 0x0000000089600000|100%| O|  |TAMS 0x0000000089500000| PB 0x0000000089500000| Untracked 
| 150|0x0000000089600000, 0x0000000089700000, 0x0000000089700000|100%| O|  |TAMS 0x0000000089600000| PB 0x0000000089600000| Untracked 
| 151|0x0000000089700000, 0x0000000089800000, 0x0000000089800000|100%| O|  |TAMS 0x0000000089700000| PB 0x0000000089700000| Untracked 
| 152|0x0000000089800000, 0x0000000089900000, 0x0000000089900000|100%| O|  |TAMS 0x0000000089800000| PB 0x0000000089800000| Untracked 
| 153|0x0000000089900000, 0x0000000089a00000, 0x0000000089a00000|100%| O|  |TAMS 0x0000000089900000| PB 0x0000000089900000| Untracked 
| 154|0x0000000089a00000, 0x0000000089b00000, 0x0000000089b00000|100%| O|  |TAMS 0x0000000089a00000| PB 0x0000000089a00000| Untracked 
| 155|0x0000000089b00000, 0x0000000089c00000, 0x0000000089c00000|100%| O|  |TAMS 0x0000000089b00000| PB 0x0000000089b00000| Untracked 
| 156|0x0000000089c00000, 0x0000000089c00000, 0x0000000089d00000|  0%| F|  |TAMS 0x0000000089c00000| PB 0x0000000089c00000| Untracked 
| 157|0x0000000089d00000, 0x0000000089d00000, 0x0000000089e00000|  0%| F|  |TAMS 0x0000000089d00000| PB 0x0000000089d00000| Untracked 
| 158|0x0000000089e00000, 0x0000000089f00000, 0x0000000089f00000|100%| O|  |TAMS 0x0000000089e00000| PB 0x0000000089e00000| Untracked 
| 159|0x0000000089f00000, 0x000000008a000000, 0x000000008a000000|100%| O|  |TAMS 0x0000000089f00000| PB 0x0000000089f00000| Untracked 
| 160|0x000000008a000000, 0x000000008a100000, 0x000000008a100000|100%| O|  |TAMS 0x000000008a000000| PB 0x000000008a000000| Untracked 
| 161|0x000000008a100000, 0x000000008a200000, 0x000000008a200000|100%| O|  |TAMS 0x000000008a100000| PB 0x000000008a100000| Untracked 
| 162|0x000000008a200000, 0x000000008a300000, 0x000000008a300000|100%| O|  |TAMS 0x000000008a200000| PB 0x000000008a200000| Untracked 
| 163|0x000000008a300000, 0x000000008a400000, 0x000000008a400000|100%| O|  |TAMS 0x000000008a300000| PB 0x000000008a300000| Untracked 
| 164|0x000000008a400000, 0x000000008a500000, 0x000000008a500000|100%| O|  |TAMS 0x000000008a400000| PB 0x000000008a400000| Untracked 
| 165|0x000000008a500000, 0x000000008a500000, 0x000000008a600000|  0%| F|  |TAMS 0x000000008a500000| PB 0x000000008a500000| Untracked 
| 166|0x000000008a600000, 0x000000008a600000, 0x000000008a700000|  0%| F|  |TAMS 0x000000008a600000| PB 0x000000008a600000| Untracked 
| 167|0x000000008a700000, 0x000000008a800000, 0x000000008a800000|100%| O|  |TAMS 0x000000008a700000| PB 0x000000008a700000| Untracked 
| 168|0x000000008a800000, 0x000000008a900000, 0x000000008a900000|100%| O|  |TAMS 0x000000008a800000| PB 0x000000008a800000| Untracked 
| 169|0x000000008a900000, 0x000000008aa00000, 0x000000008aa00000|100%| O|  |TAMS 0x000000008a900000| PB 0x000000008a900000| Untracked 
| 170|0x000000008aa00000, 0x000000008aa00000, 0x000000008ab00000|  0%| F|  |TAMS 0x000000008aa00000| PB 0x000000008aa00000| Untracked 
| 171|0x000000008ab00000, 0x000000008ac00000, 0x000000008ac00000|100%| O|  |TAMS 0x000000008ab00000| PB 0x000000008ab00000| Untracked 
| 172|0x000000008ac00000, 0x000000008ad00000, 0x000000008ad00000|100%| O|  |TAMS 0x000000008ac00000| PB 0x000000008ac00000| Untracked 
| 173|0x000000008ad00000, 0x000000008ad00000, 0x000000008ae00000|  0%| F|  |TAMS 0x000000008ad00000| PB 0x000000008ad00000| Untracked 
| 174|0x000000008ae00000, 0x000000008af00000, 0x000000008af00000|100%| O|  |TAMS 0x000000008ae00000| PB 0x000000008ae00000| Untracked 
| 175|0x000000008af00000, 0x000000008b000000, 0x000000008b000000|100%| O|  |TAMS 0x000000008af00000| PB 0x000000008af00000| Untracked 
| 176|0x000000008b000000, 0x000000008b100000, 0x000000008b100000|100%| O|  |TAMS 0x000000008b000000| PB 0x000000008b000000| Untracked 
| 177|0x000000008b100000, 0x000000008b200000, 0x000000008b200000|100%| O|  |TAMS 0x000000008b100000| PB 0x000000008b100000| Untracked 
| 178|0x000000008b200000, 0x000000008b300000, 0x000000008b300000|100%| O|  |TAMS 0x000000008b200000| PB 0x000000008b200000| Untracked 
| 179|0x000000008b300000, 0x000000008b400000, 0x000000008b400000|100%| O|  |TAMS 0x000000008b300000| PB 0x000000008b300000| Untracked 
| 180|0x000000008b400000, 0x000000008b400000, 0x000000008b500000|  0%| F|  |TAMS 0x000000008b400000| PB 0x000000008b400000| Untracked 
| 181|0x000000008b500000, 0x000000008b500000, 0x000000008b600000|  0%| F|  |TAMS 0x000000008b500000| PB 0x000000008b500000| Untracked 
| 182|0x000000008b600000, 0x000000008b700000, 0x000000008b700000|100%| O|  |TAMS 0x000000008b600000| PB 0x000000008b600000| Untracked 
| 183|0x000000008b700000, 0x000000008b800000, 0x000000008b800000|100%| O|  |TAMS 0x000000008b700000| PB 0x000000008b700000| Untracked 
| 184|0x000000008b800000, 0x000000008b900000, 0x000000008b900000|100%| O|  |TAMS 0x000000008b800000| PB 0x000000008b800000| Untracked 
| 185|0x000000008b900000, 0x000000008ba00000, 0x000000008ba00000|100%| O|  |TAMS 0x000000008b900000| PB 0x000000008b900000| Untracked 
| 186|0x000000008ba00000, 0x000000008bb00000, 0x000000008bb00000|100%| O|  |TAMS 0x000000008ba00000| PB 0x000000008ba00000| Untracked 
| 187|0x000000008bb00000, 0x000000008bc00000, 0x000000008bc00000|100%| O|  |TAMS 0x000000008bb00000| PB 0x000000008bb00000| Untracked 
| 188|0x000000008bc00000, 0x000000008bd00000, 0x000000008bd00000|100%| O|  |TAMS 0x000000008bc00000| PB 0x000000008bc00000| Untracked 
| 189|0x000000008bd00000, 0x000000008be00000, 0x000000008be00000|100%| O|  |TAMS 0x000000008bd00000| PB 0x000000008bd00000| Untracked 
| 190|0x000000008be00000, 0x000000008bf00000, 0x000000008bf00000|100%| O|  |TAMS 0x000000008be00000| PB 0x000000008be00000| Untracked 
| 191|0x000000008bf00000, 0x000000008c000000, 0x000000008c000000|100%| O|  |TAMS 0x000000008bf00000| PB 0x000000008bf00000| Untracked 
| 192|0x000000008c000000, 0x000000008c100000, 0x000000008c100000|100%| O|  |TAMS 0x000000008c000000| PB 0x000000008c000000| Untracked 
| 193|0x000000008c100000, 0x000000008c200000, 0x000000008c200000|100%| O|  |TAMS 0x000000008c100000| PB 0x000000008c100000| Untracked 
| 194|0x000000008c200000, 0x000000008c300000, 0x000000008c300000|100%| O|  |TAMS 0x000000008c200000| PB 0x000000008c200000| Untracked 
| 195|0x000000008c300000, 0x000000008c400000, 0x000000008c400000|100%| O|  |TAMS 0x000000008c300000| PB 0x000000008c300000| Untracked 
| 196|0x000000008c400000, 0x000000008c500000, 0x000000008c500000|100%| O|  |TAMS 0x000000008c400000| PB 0x000000008c400000| Untracked 
| 197|0x000000008c500000, 0x000000008c600000, 0x000000008c600000|100%| O|  |TAMS 0x000000008c500000| PB 0x000000008c500000| Untracked 
| 198|0x000000008c600000, 0x000000008c700000, 0x000000008c700000|100%| O|  |TAMS 0x000000008c600000| PB 0x000000008c600000| Untracked 
| 199|0x000000008c700000, 0x000000008c800000, 0x000000008c800000|100%| O|  |TAMS 0x000000008c700000| PB 0x000000008c700000| Untracked 
| 200|0x000000008c800000, 0x000000008c900000, 0x000000008c900000|100%| O|  |TAMS 0x000000008c800000| PB 0x000000008c800000| Untracked 
| 201|0x000000008c900000, 0x000000008ca00000, 0x000000008ca00000|100%| O|  |TAMS 0x000000008c900000| PB 0x000000008c900000| Untracked 
| 202|0x000000008ca00000, 0x000000008ca00000, 0x000000008cb00000|  0%| F|  |TAMS 0x000000008ca00000| PB 0x000000008ca00000| Untracked 
| 203|0x000000008cb00000, 0x000000008cc00000, 0x000000008cc00000|100%| O|  |TAMS 0x000000008cb00000| PB 0x000000008cb00000| Untracked 
| 204|0x000000008cc00000, 0x000000008cc00000, 0x000000008cd00000|  0%| F|  |TAMS 0x000000008cc00000| PB 0x000000008cc00000| Untracked 
| 205|0x000000008cd00000, 0x000000008cd00000, 0x000000008ce00000|  0%| F|  |TAMS 0x000000008cd00000| PB 0x000000008cd00000| Untracked 
| 206|0x000000008ce00000, 0x000000008ce00000, 0x000000008cf00000|  0%| F|  |TAMS 0x000000008ce00000| PB 0x000000008ce00000| Untracked 
| 207|0x000000008cf00000, 0x000000008cf00000, 0x000000008d000000|  0%| F|  |TAMS 0x000000008cf00000| PB 0x000000008cf00000| Untracked 
| 208|0x000000008d000000, 0x000000008d000000, 0x000000008d100000|  0%| F|  |TAMS 0x000000008d000000| PB 0x000000008d000000| Untracked 
| 209|0x000000008d100000, 0x000000008d100000, 0x000000008d200000|  0%| F|  |TAMS 0x000000008d100000| PB 0x000000008d100000| Untracked 
| 210|0x000000008d200000, 0x000000008d2c6bc0, 0x000000008d300000| 77%| S|CS|TAMS 0x000000008d200000| PB 0x000000008d200000| Complete 
| 211|0x000000008d300000, 0x000000008d400000, 0x000000008d400000|100%| S|CS|TAMS 0x000000008d300000| PB 0x000000008d300000| Complete 
| 212|0x000000008d400000, 0x000000008d500000, 0x000000008d500000|100%| S|CS|TAMS 0x000000008d400000| PB 0x000000008d400000| Complete 
| 213|0x000000008d500000, 0x000000008d600000, 0x000000008d600000|100%| S|CS|TAMS 0x000000008d500000| PB 0x000000008d500000| Complete 
| 214|0x000000008d600000, 0x000000008d600000, 0x000000008d700000|  0%| F|  |TAMS 0x000000008d600000| PB 0x000000008d600000| Untracked 
| 215|0x000000008d700000, 0x000000008d700000, 0x000000008d800000|  0%| F|  |TAMS 0x000000008d700000| PB 0x000000008d700000| Untracked 
| 216|0x000000008d800000, 0x000000008d800000, 0x000000008d900000|  0%| F|  |TAMS 0x000000008d800000| PB 0x000000008d800000| Untracked 
| 217|0x000000008d900000, 0x000000008d900000, 0x000000008da00000|  0%| F|  |TAMS 0x000000008d900000| PB 0x000000008d900000| Untracked 
| 218|0x000000008da00000, 0x000000008da00000, 0x000000008db00000|  0%| F|  |TAMS 0x000000008da00000| PB 0x000000008da00000| Untracked 
| 219|0x000000008db00000, 0x000000008db00000, 0x000000008dc00000|  0%| F|  |TAMS 0x000000008db00000| PB 0x000000008db00000| Untracked 
| 220|0x000000008dc00000, 0x000000008dd00000, 0x000000008dd00000|100%| S|CS|TAMS 0x000000008dc00000| PB 0x000000008dc00000| Complete 
| 221|0x000000008dd00000, 0x000000008de00000, 0x000000008de00000|100%| S|CS|TAMS 0x000000008dd00000| PB 0x000000008dd00000| Complete 
| 222|0x000000008de00000, 0x000000008de00000, 0x000000008df00000|  0%| F|  |TAMS 0x000000008de00000| PB 0x000000008de00000| Untracked 
| 223|0x000000008df00000, 0x000000008df00000, 0x000000008e000000|  0%| F|  |TAMS 0x000000008df00000| PB 0x000000008df00000| Untracked 
| 224|0x000000008e000000, 0x000000008e000000, 0x000000008e100000|  0%| F|  |TAMS 0x000000008e000000| PB 0x000000008e000000| Untracked 
| 225|0x000000008e100000, 0x000000008e100000, 0x000000008e200000|  0%| F|  |TAMS 0x000000008e100000| PB 0x000000008e100000| Untracked 
| 226|0x000000008e200000, 0x000000008e200000, 0x000000008e300000|  0%| F|  |TAMS 0x000000008e200000| PB 0x000000008e200000| Untracked 
| 227|0x000000008e300000, 0x000000008e300000, 0x000000008e400000|  0%| F|  |TAMS 0x000000008e300000| PB 0x000000008e300000| Untracked 
| 228|0x000000008e400000, 0x000000008e400000, 0x000000008e500000|  0%| F|  |TAMS 0x000000008e400000| PB 0x000000008e400000| Untracked 
| 229|0x000000008e500000, 0x000000008e500000, 0x000000008e600000|  0%| F|  |TAMS 0x000000008e500000| PB 0x000000008e500000| Untracked 
| 230|0x000000008e600000, 0x000000008e600000, 0x000000008e700000|  0%| F|  |TAMS 0x000000008e600000| PB 0x000000008e600000| Untracked 
| 231|0x000000008e700000, 0x000000008e700000, 0x000000008e800000|  0%| F|  |TAMS 0x000000008e700000| PB 0x000000008e700000| Untracked 
| 232|0x000000008e800000, 0x000000008e800000, 0x000000008e900000|  0%| F|  |TAMS 0x000000008e800000| PB 0x000000008e800000| Untracked 
| 233|0x000000008e900000, 0x000000008e900000, 0x000000008ea00000|  0%| F|  |TAMS 0x000000008e900000| PB 0x000000008e900000| Untracked 
| 234|0x000000008ea00000, 0x000000008ea00000, 0x000000008eb00000|  0%| F|  |TAMS 0x000000008ea00000| PB 0x000000008ea00000| Untracked 
| 235|0x000000008eb00000, 0x000000008eb00000, 0x000000008ec00000|  0%| F|  |TAMS 0x000000008eb00000| PB 0x000000008eb00000| Untracked 
| 236|0x000000008ec00000, 0x000000008ec00000, 0x000000008ed00000|  0%| F|  |TAMS 0x000000008ec00000| PB 0x000000008ec00000| Untracked 
| 237|0x000000008ed00000, 0x000000008ed00000, 0x000000008ee00000|  0%| F|  |TAMS 0x000000008ed00000| PB 0x000000008ed00000| Untracked 
| 238|0x000000008ee00000, 0x000000008ee00000, 0x000000008ef00000|  0%| F|  |TAMS 0x000000008ee00000| PB 0x000000008ee00000| Untracked 
| 239|0x000000008ef00000, 0x000000008ef00000, 0x000000008f000000|  0%| F|  |TAMS 0x000000008ef00000| PB 0x000000008ef00000| Untracked 
| 240|0x000000008f000000, 0x000000008f000000, 0x000000008f100000|  0%| F|  |TAMS 0x000000008f000000| PB 0x000000008f000000| Untracked 
| 241|0x000000008f100000, 0x000000008f100000, 0x000000008f200000|  0%| F|  |TAMS 0x000000008f100000| PB 0x000000008f100000| Untracked 
| 242|0x000000008f200000, 0x000000008f200000, 0x000000008f300000|  0%| F|  |TAMS 0x000000008f200000| PB 0x000000008f200000| Untracked 
| 243|0x000000008f300000, 0x000000008f300000, 0x000000008f400000|  0%| F|  |TAMS 0x000000008f300000| PB 0x000000008f300000| Untracked 
| 244|0x000000008f400000, 0x000000008f400000, 0x000000008f500000|  0%| F|  |TAMS 0x000000008f400000| PB 0x000000008f400000| Untracked 
| 245|0x000000008f500000, 0x000000008f500000, 0x000000008f600000|  0%| F|  |TAMS 0x000000008f500000| PB 0x000000008f500000| Untracked 
| 246|0x000000008f600000, 0x000000008f600000, 0x000000008f700000|  0%| F|  |TAMS 0x000000008f600000| PB 0x000000008f600000| Untracked 
| 247|0x000000008f700000, 0x000000008f700000, 0x000000008f800000|  0%| F|  |TAMS 0x000000008f700000| PB 0x000000008f700000| Untracked 
| 248|0x000000008f800000, 0x000000008f800000, 0x000000008f900000|  0%| F|  |TAMS 0x000000008f800000| PB 0x000000008f800000| Untracked 
| 249|0x000000008f900000, 0x000000008f900000, 0x000000008fa00000|  0%| F|  |TAMS 0x000000008f900000| PB 0x000000008f900000| Untracked 
| 250|0x000000008fa00000, 0x000000008fa00000, 0x000000008fb00000|  0%| F|  |TAMS 0x000000008fa00000| PB 0x000000008fa00000| Untracked 
| 251|0x000000008fb00000, 0x000000008fb00000, 0x000000008fc00000|  0%| F|  |TAMS 0x000000008fb00000| PB 0x000000008fb00000| Untracked 
| 252|0x000000008fc00000, 0x000000008fc00000, 0x000000008fd00000|  0%| F|  |TAMS 0x000000008fc00000| PB 0x000000008fc00000| Untracked 
| 253|0x000000008fd00000, 0x000000008fd00000, 0x000000008fe00000|  0%| F|  |TAMS 0x000000008fd00000| PB 0x000000008fd00000| Untracked 
| 254|0x000000008fe00000, 0x000000008fe00000, 0x000000008ff00000|  0%| F|  |TAMS 0x000000008fe00000| PB 0x000000008fe00000| Untracked 
| 255|0x000000008ff00000, 0x000000008ff00000, 0x0000000090000000|  0%| F|  |TAMS 0x000000008ff00000| PB 0x000000008ff00000| Untracked 
| 256|0x0000000090000000, 0x0000000090000000, 0x0000000090100000|  0%| F|  |TAMS 0x0000000090000000| PB 0x0000000090000000| Untracked 
| 257|0x0000000090100000, 0x0000000090100000, 0x0000000090200000|  0%| F|  |TAMS 0x0000000090100000| PB 0x0000000090100000| Untracked 
| 258|0x0000000090200000, 0x0000000090200000, 0x0000000090300000|  0%| F|  |TAMS 0x0000000090200000| PB 0x0000000090200000| Untracked 
| 259|0x0000000090300000, 0x0000000090300000, 0x0000000090400000|  0%| F|  |TAMS 0x0000000090300000| PB 0x0000000090300000| Untracked 
| 260|0x0000000090400000, 0x0000000090400000, 0x0000000090500000|  0%| F|  |TAMS 0x0000000090400000| PB 0x0000000090400000| Untracked 
| 261|0x0000000090500000, 0x0000000090500000, 0x0000000090600000|  0%| F|  |TAMS 0x0000000090500000| PB 0x0000000090500000| Untracked 
| 262|0x0000000090600000, 0x0000000090600000, 0x0000000090700000|  0%| F|  |TAMS 0x0000000090600000| PB 0x0000000090600000| Untracked 
| 263|0x0000000090700000, 0x0000000090700000, 0x0000000090800000|  0%| F|  |TAMS 0x0000000090700000| PB 0x0000000090700000| Untracked 
| 264|0x0000000090800000, 0x0000000090800000, 0x0000000090900000|  0%| F|  |TAMS 0x0000000090800000| PB 0x0000000090800000| Untracked 
| 265|0x0000000090900000, 0x0000000090900000, 0x0000000090a00000|  0%| F|  |TAMS 0x0000000090900000| PB 0x0000000090900000| Untracked 
| 266|0x0000000090a00000, 0x0000000090a00000, 0x0000000090b00000|  0%| F|  |TAMS 0x0000000090a00000| PB 0x0000000090a00000| Untracked 
| 267|0x0000000090b00000, 0x0000000090b00000, 0x0000000090c00000|  0%| F|  |TAMS 0x0000000090b00000| PB 0x0000000090b00000| Untracked 
| 268|0x0000000090c00000, 0x0000000090c00000, 0x0000000090d00000|  0%| F|  |TAMS 0x0000000090c00000| PB 0x0000000090c00000| Untracked 
| 269|0x0000000090d00000, 0x0000000090d00000, 0x0000000090e00000|  0%| F|  |TAMS 0x0000000090d00000| PB 0x0000000090d00000| Untracked 
| 270|0x0000000090e00000, 0x0000000090e00000, 0x0000000090f00000|  0%| F|  |TAMS 0x0000000090e00000| PB 0x0000000090e00000| Untracked 
| 271|0x0000000090f00000, 0x0000000090f00000, 0x0000000091000000|  0%| F|  |TAMS 0x0000000090f00000| PB 0x0000000090f00000| Untracked 
| 272|0x0000000091000000, 0x0000000091000000, 0x0000000091100000|  0%| F|  |TAMS 0x0000000091000000| PB 0x0000000091000000| Untracked 
| 273|0x0000000091100000, 0x0000000091100000, 0x0000000091200000|  0%| F|  |TAMS 0x0000000091100000| PB 0x0000000091100000| Untracked 
| 274|0x0000000091200000, 0x0000000091200000, 0x0000000091300000|  0%| F|  |TAMS 0x0000000091200000| PB 0x0000000091200000| Untracked 
| 275|0x0000000091300000, 0x0000000091300000, 0x0000000091400000|  0%| F|  |TAMS 0x0000000091300000| PB 0x0000000091300000| Untracked 
| 276|0x0000000091400000, 0x0000000091400000, 0x0000000091500000|  0%| F|  |TAMS 0x0000000091400000| PB 0x0000000091400000| Untracked 
| 277|0x0000000091500000, 0x0000000091500000, 0x0000000091600000|  0%| F|  |TAMS 0x0000000091500000| PB 0x0000000091500000| Untracked 
| 278|0x0000000091600000, 0x0000000091600000, 0x0000000091700000|  0%| F|  |TAMS 0x0000000091600000| PB 0x0000000091600000| Untracked 
| 279|0x0000000091700000, 0x0000000091700000, 0x0000000091800000|  0%| F|  |TAMS 0x0000000091700000| PB 0x0000000091700000| Untracked 
| 280|0x0000000091800000, 0x0000000091800000, 0x0000000091900000|  0%| F|  |TAMS 0x0000000091800000| PB 0x0000000091800000| Untracked 
| 281|0x0000000091900000, 0x0000000091900000, 0x0000000091a00000|  0%| F|  |TAMS 0x0000000091900000| PB 0x0000000091900000| Untracked 
| 282|0x0000000091a00000, 0x0000000091a00000, 0x0000000091b00000|  0%| F|  |TAMS 0x0000000091a00000| PB 0x0000000091a00000| Untracked 
| 283|0x0000000091b00000, 0x0000000091b00000, 0x0000000091c00000|  0%| F|  |TAMS 0x0000000091b00000| PB 0x0000000091b00000| Untracked 
| 284|0x0000000091c00000, 0x0000000091c00000, 0x0000000091d00000|  0%| F|  |TAMS 0x0000000091c00000| PB 0x0000000091c00000| Untracked 
| 285|0x0000000091d00000, 0x0000000091d00000, 0x0000000091e00000|  0%| F|  |TAMS 0x0000000091d00000| PB 0x0000000091d00000| Untracked 
| 286|0x0000000091e00000, 0x0000000091e00000, 0x0000000091f00000|  0%| F|  |TAMS 0x0000000091e00000| PB 0x0000000091e00000| Untracked 
| 287|0x0000000091f00000, 0x0000000091f00000, 0x0000000092000000|  0%| F|  |TAMS 0x0000000091f00000| PB 0x0000000091f00000| Untracked 
| 288|0x0000000092000000, 0x0000000092000000, 0x0000000092100000|  0%| F|  |TAMS 0x0000000092000000| PB 0x0000000092000000| Untracked 
| 289|0x0000000092100000, 0x0000000092100000, 0x0000000092200000|  0%| F|  |TAMS 0x0000000092100000| PB 0x0000000092100000| Untracked 
| 290|0x0000000092200000, 0x0000000092200000, 0x0000000092300000|  0%| F|  |TAMS 0x0000000092200000| PB 0x0000000092200000| Untracked 
| 291|0x0000000092300000, 0x0000000092300000, 0x0000000092400000|  0%| F|  |TAMS 0x0000000092300000| PB 0x0000000092300000| Untracked 
| 292|0x0000000092400000, 0x0000000092400000, 0x0000000092500000|  0%| F|  |TAMS 0x0000000092400000| PB 0x0000000092400000| Untracked 
| 293|0x0000000092500000, 0x0000000092500000, 0x0000000092600000|  0%| F|  |TAMS 0x0000000092500000| PB 0x0000000092500000| Untracked 
| 294|0x0000000092600000, 0x0000000092600000, 0x0000000092700000|  0%| F|  |TAMS 0x0000000092600000| PB 0x0000000092600000| Untracked 
| 295|0x0000000092700000, 0x0000000092700000, 0x0000000092800000|  0%| F|  |TAMS 0x0000000092700000| PB 0x0000000092700000| Untracked 
| 296|0x0000000092800000, 0x0000000092800000, 0x0000000092900000|  0%| F|  |TAMS 0x0000000092800000| PB 0x0000000092800000| Untracked 
| 297|0x0000000092900000, 0x0000000092900000, 0x0000000092a00000|  0%| F|  |TAMS 0x0000000092900000| PB 0x0000000092900000| Untracked 
| 298|0x0000000092a00000, 0x0000000092a00000, 0x0000000092b00000|  0%| F|  |TAMS 0x0000000092a00000| PB 0x0000000092a00000| Untracked 
| 299|0x0000000092b00000, 0x0000000092b00000, 0x0000000092c00000|  0%| F|  |TAMS 0x0000000092b00000| PB 0x0000000092b00000| Untracked 
| 300|0x0000000092c00000, 0x0000000092c00000, 0x0000000092d00000|  0%| F|  |TAMS 0x0000000092c00000| PB 0x0000000092c00000| Untracked 
| 301|0x0000000092d00000, 0x0000000092d00000, 0x0000000092e00000|  0%| F|  |TAMS 0x0000000092d00000| PB 0x0000000092d00000| Untracked 
| 302|0x0000000092e00000, 0x0000000092e00000, 0x0000000092f00000|  0%| F|  |TAMS 0x0000000092e00000| PB 0x0000000092e00000| Untracked 
| 303|0x0000000092f00000, 0x0000000092f00000, 0x0000000093000000|  0%| F|  |TAMS 0x0000000092f00000| PB 0x0000000092f00000| Untracked 
| 304|0x0000000093000000, 0x0000000093000000, 0x0000000093100000|  0%| F|  |TAMS 0x0000000093000000| PB 0x0000000093000000| Untracked 
| 305|0x0000000093100000, 0x0000000093100000, 0x0000000093200000|  0%| F|  |TAMS 0x0000000093100000| PB 0x0000000093100000| Untracked 
| 306|0x0000000093200000, 0x0000000093200000, 0x0000000093300000|  0%| F|  |TAMS 0x0000000093200000| PB 0x0000000093200000| Untracked 
| 307|0x0000000093300000, 0x0000000093300000, 0x0000000093400000|  0%| F|  |TAMS 0x0000000093300000| PB 0x0000000093300000| Untracked 
| 308|0x0000000093400000, 0x0000000093400000, 0x0000000093500000|  0%| F|  |TAMS 0x0000000093400000| PB 0x0000000093400000| Untracked 
| 309|0x0000000093500000, 0x0000000093500000, 0x0000000093600000|  0%| F|  |TAMS 0x0000000093500000| PB 0x0000000093500000| Untracked 
| 310|0x0000000093600000, 0x0000000093600000, 0x0000000093700000|  0%| F|  |TAMS 0x0000000093600000| PB 0x0000000093600000| Untracked 
| 311|0x0000000093700000, 0x0000000093700000, 0x0000000093800000|  0%| F|  |TAMS 0x0000000093700000| PB 0x0000000093700000| Untracked 
| 312|0x0000000093800000, 0x0000000093800000, 0x0000000093900000|  0%| F|  |TAMS 0x0000000093800000| PB 0x0000000093800000| Untracked 
| 313|0x0000000093900000, 0x0000000093900000, 0x0000000093a00000|  0%| F|  |TAMS 0x0000000093900000| PB 0x0000000093900000| Untracked 
| 314|0x0000000093a00000, 0x0000000093a00000, 0x0000000093b00000|  0%| F|  |TAMS 0x0000000093a00000| PB 0x0000000093a00000| Untracked 
| 315|0x0000000093b00000, 0x0000000093b00000, 0x0000000093c00000|  0%| F|  |TAMS 0x0000000093b00000| PB 0x0000000093b00000| Untracked 
| 316|0x0000000093c00000, 0x0000000093c00000, 0x0000000093d00000|  0%| F|  |TAMS 0x0000000093c00000| PB 0x0000000093c00000| Untracked 
| 317|0x0000000093d00000, 0x0000000093d00000, 0x0000000093e00000|  0%| F|  |TAMS 0x0000000093d00000| PB 0x0000000093d00000| Untracked 
| 318|0x0000000093e00000, 0x0000000093e00000, 0x0000000093f00000|  0%| F|  |TAMS 0x0000000093e00000| PB 0x0000000093e00000| Untracked 
| 319|0x0000000093f00000, 0x0000000093f00000, 0x0000000094000000|  0%| F|  |TAMS 0x0000000093f00000| PB 0x0000000093f00000| Untracked 
| 320|0x0000000094000000, 0x0000000094000000, 0x0000000094100000|  0%| F|  |TAMS 0x0000000094000000| PB 0x0000000094000000| Untracked 
| 321|0x0000000094100000, 0x0000000094100000, 0x0000000094200000|  0%| F|  |TAMS 0x0000000094100000| PB 0x0000000094100000| Untracked 
| 322|0x0000000094200000, 0x0000000094200000, 0x0000000094300000|  0%| F|  |TAMS 0x0000000094200000| PB 0x0000000094200000| Untracked 
| 323|0x0000000094300000, 0x0000000094300000, 0x0000000094400000|  0%| F|  |TAMS 0x0000000094300000| PB 0x0000000094300000| Untracked 
| 324|0x0000000094400000, 0x0000000094400000, 0x0000000094500000|  0%| F|  |TAMS 0x0000000094400000| PB 0x0000000094400000| Untracked 
| 325|0x0000000094500000, 0x0000000094500000, 0x0000000094600000|  0%| F|  |TAMS 0x0000000094500000| PB 0x0000000094500000| Untracked 
| 326|0x0000000094600000, 0x0000000094600000, 0x0000000094700000|  0%| F|  |TAMS 0x0000000094600000| PB 0x0000000094600000| Untracked 
| 327|0x0000000094700000, 0x0000000094700000, 0x0000000094800000|  0%| F|  |TAMS 0x0000000094700000| PB 0x0000000094700000| Untracked 
| 328|0x0000000094800000, 0x0000000094800000, 0x0000000094900000|  0%| F|  |TAMS 0x0000000094800000| PB 0x0000000094800000| Untracked 
| 329|0x0000000094900000, 0x0000000094900000, 0x0000000094a00000|  0%| F|  |TAMS 0x0000000094900000| PB 0x0000000094900000| Untracked 
| 330|0x0000000094a00000, 0x0000000094a00000, 0x0000000094b00000|  0%| F|  |TAMS 0x0000000094a00000| PB 0x0000000094a00000| Untracked 
| 331|0x0000000094b00000, 0x0000000094b00000, 0x0000000094c00000|  0%| F|  |TAMS 0x0000000094b00000| PB 0x0000000094b00000| Untracked 
| 332|0x0000000094c00000, 0x0000000094c00000, 0x0000000094d00000|  0%| F|  |TAMS 0x0000000094c00000| PB 0x0000000094c00000| Untracked 
| 333|0x0000000094d00000, 0x0000000094d00000, 0x0000000094e00000|  0%| F|  |TAMS 0x0000000094d00000| PB 0x0000000094d00000| Untracked 
| 334|0x0000000094e00000, 0x0000000094e00000, 0x0000000094f00000|  0%| F|  |TAMS 0x0000000094e00000| PB 0x0000000094e00000| Untracked 

Card table byte_map: [0x00000130bc260000,0x00000130bc660000] _byte_map_base: 0x00000130bbe60000

Marking Bits: (CMBitMap*) 0x00000130a9a3bc50
 Bits: [0x00000130bc660000, 0x00000130be660000)

Polling page: 0x00000130a77d0000

Metaspace:

Usage:
  Non-class:     94.23 MB used.
      Class:     15.29 MB used.
       Both:    109.53 MB used.

Virtual space:
  Non-class space:      128.00 MB reserved,      95.25 MB ( 74%) committed,  2 nodes.
      Class space:        1.00 GB reserved,      16.38 MB (  2%) committed,  1 nodes.
             Both:        1.12 GB reserved,     111.62 MB ( 10%) committed. 

Chunk freelists:
   Non-Class:  672.00 KB
       Class:  15.67 MB
        Both:  16.33 MB

MaxMetaspaceSize: unlimited
CompressedClassSpaceSize: 1.00 GB
Initial GC threshold: 21.00 MB
Current GC threshold: 185.75 MB
CDS: off
 - commit_granule_bytes: 65536.
 - commit_granule_words: 8192.
 - virtual_space_node_default_size: 8388608.
 - enlarge_chunks_in_place: 1.
 - use_allocation_guard: 0.


Internal statistics:

num_allocs_failed_limit: 6.
num_arena_births: 4536.
num_arena_deaths: 92.
num_vsnodes_births: 3.
num_vsnodes_deaths: 0.
num_space_committed: 1783.
num_space_uncommitted: 0.
num_chunks_returned_to_freelist: 133.
num_chunks_taken_from_freelist: 9986.
num_chunk_merges: 51.
num_chunk_splits: 6146.
num_chunks_enlarged: 3496.
num_inconsistent_stats: 0.

CodeHeap 'non-profiled nmethods': size=120000Kb used=7586Kb max_used=8940Kb free=112413Kb
 bounds [0x00000130b4600000, 0x00000130b4ec0000, 0x00000130bbb30000]
CodeHeap 'profiled nmethods': size=120000Kb used=20706Kb max_used=23887Kb free=99294Kb
 bounds [0x00000130acb30000, 0x00000130ae2d0000, 0x00000130b4060000]
CodeHeap 'non-nmethods': size=5760Kb used=2060Kb max_used=2184Kb free=3699Kb
 bounds [0x00000130b4060000, 0x00000130b42d0000, 0x00000130b4600000]
CodeCache: size=245760Kb, used=30352Kb, max_used=35011Kb, free=215406Kb
 total_blobs=10189, nmethods=9379, adapters=711, full_count=0
Compilation: enabled, stopped_count=0, restarted_count=0

Compilation events (20 events):
Event: 132.474 Thread 0x00000130c122d850 17622       2       com.android.tools.r8.internal.ri1::c (46 bytes)
Event: 132.475 Thread 0x00000130c122d850 nmethod 17622 0x00000130ad0cc510 code [0x00000130ad0cc700, 0x00000130ad0cca58]
Event: 132.475 Thread 0x00000130c122d850 17623       2       com.android.tools.r8.ir.optimize.a::add (16 bytes)
Event: 132.475 Thread 0x00000130c122d850 nmethod 17623 0x00000130ad38c910 code [0x00000130ad38cac0, 0x00000130ad38cc28]
Event: 132.478 Thread 0x00000130c122d850 17624       2       com.android.tools.r8.internal.e01::a (114 bytes)
Event: 132.479 Thread 0x00000130c122d850 nmethod 17624 0x00000130ad4d2090 code [0x00000130ad4d2280, 0x00000130ad4d25b0]
Event: 132.479 Thread 0x00000130c122d850 17625       3       java.lang.Long::compareTo (9 bytes)
Event: 132.479 Thread 0x00000130c122d850 nmethod 17625 0x00000130ad3ad490 code [0x00000130ad3ad660, 0x00000130ad3ada08]
Event: 132.479 Thread 0x00000130c122d850 17626       2       com.android.tools.r8.internal.ge::d (5 bytes)
Event: 132.479 Thread 0x00000130c122d850 nmethod 17626 0x00000130ad08b290 code [0x00000130ad08b420, 0x00000130ad08b530]
Event: 132.483 Thread 0x00000130c122d850 17627       2       com.android.tools.r8.internal.m32::b (19 bytes)
Event: 132.483 Thread 0x00000130c122d850 nmethod 17627 0x00000130ad0b2a90 code [0x00000130ad0b2c40, 0x00000130ad0b2d80]
Event: 132.483 Thread 0x00000130c122d850 17628       2       com.android.tools.r8.graph.z5::b (11 bytes)
Event: 132.483 Thread 0x00000130c122d850 nmethod 17628 0x00000130ad0fc890 code [0x00000130ad0fca40, 0x00000130ad0fcb88]
Event: 132.492 Thread 0x00000130c122d850 17629       2       com.android.tools.r8.internal.hh3$$Lambda/0x0000000100fa2d38::test (20 bytes)
Event: 132.493 Thread 0x00000130c122d850 nmethod 17629 0x00000130ad433e10 code [0x00000130ad433fc0, 0x00000130ad434138]
Event: 132.493 Thread 0x00000130c122d850 17630       2       com.android.tools.r8.internal.hh3::a (52 bytes)
Event: 132.493 Thread 0x00000130c122d850 nmethod 17630 0x00000130ad1c4090 code [0x00000130ad1c4260, 0x00000130ad1c4498]
Event: 132.494 Thread 0x00000130c122d850 17631 %     3       com.android.tools.r8.internal.ry2::a @ 368 (500 bytes)
Event: 132.500 Thread 0x00000130c122d850 nmethod 17631% 0x00000130ad0e4590 code [0x00000130ad0e4b40, 0x00000130ad0e8048]

GC Heap History (20 events):
Event: 128.139 GC heap after
{Heap after GC invocations=58 (full 0):
 garbage-first heap   total 283648K, used 178921K [0x0000000080000000, 0x0000000100000000)
  region size 1024K, 8 young (8192K), 8 survivors (8192K)
 Metaspace       used 101636K, committed 103680K, reserved 1179648K
  class space    used 14183K, committed 15168K, reserved 1048576K
}
Event: 128.271 GC heap before
{Heap before GC invocations=58 (full 0):
 garbage-first heap   total 283648K, used 246505K [0x0000000080000000, 0x0000000100000000)
  region size 1024K, 75 young (76800K), 8 survivors (8192K)
 Metaspace       used 102064K, committed 104128K, reserved 1179648K
  class space    used 14249K, committed 15232K, reserved 1048576K
}
Event: 128.286 GC heap after
{Heap after GC invocations=59 (full 0):
 garbage-first heap   total 283648K, used 190147K [0x0000000080000000, 0x0000000100000000)
  region size 1024K, 10 young (10240K), 10 survivors (10240K)
 Metaspace       used 102064K, committed 104128K, reserved 1179648K
  class space    used 14249K, committed 15232K, reserved 1048576K
}
Event: 128.368 GC heap before
{Heap before GC invocations=59 (full 0):
 garbage-first heap   total 283648K, used 249539K [0x0000000080000000, 0x0000000100000000)
  region size 1024K, 68 young (69632K), 10 survivors (10240K)
 Metaspace       used 102392K, committed 104448K, reserved 1179648K
  class space    used 14305K, committed 15296K, reserved 1048576K
}
Event: 128.384 GC heap after
{Heap after GC invocations=60 (full 0):
 garbage-first heap   total 283648K, used 205118K [0x0000000080000000, 0x0000000100000000)
  region size 1024K, 9 young (9216K), 9 survivors (9216K)
 Metaspace       used 102392K, committed 104448K, reserved 1179648K
  class space    used 14305K, committed 15296K, reserved 1048576K
}
Event: 129.232 GC heap before
{Heap before GC invocations=61 (full 0):
 garbage-first heap   total 343040K, used 253246K [0x0000000080000000, 0x0000000100000000)
  region size 1024K, 57 young (58368K), 9 survivors (9216K)
 Metaspace       used 106801K, committed 108928K, reserved 1179648K
  class space    used 15108K, committed 16192K, reserved 1048576K
}
Event: 129.245 GC heap after
{Heap after GC invocations=62 (full 0):
 garbage-first heap   total 343040K, used 208338K [0x0000000080000000, 0x0000000100000000)
  region size 1024K, 3 young (3072K), 3 survivors (3072K)
 Metaspace       used 106801K, committed 108928K, reserved 1179648K
  class space    used 15108K, committed 16192K, reserved 1048576K
}
Event: 129.931 GC heap before
{Heap before GC invocations=62 (full 0):
 garbage-first heap   total 343040K, used 292306K [0x0000000080000000, 0x0000000100000000)
  region size 1024K, 86 young (88064K), 3 survivors (3072K)
 Metaspace       used 109279K, committed 111424K, reserved 1179648K
  class space    used 15353K, committed 16448K, reserved 1048576K
}
Event: 129.937 GC heap after
{Heap after GC invocations=63 (full 0):
 garbage-first heap   total 343040K, used 203487K [0x0000000080000000, 0x0000000100000000)
  region size 1024K, 3 young (3072K), 3 survivors (3072K)
 Metaspace       used 109279K, committed 111424K, reserved 1179648K
  class space    used 15353K, committed 16448K, reserved 1048576K
}
Event: 130.517 GC heap before
{Heap before GC invocations=63 (full 0):
 garbage-first heap   total 343040K, used 312031K [0x0000000080000000, 0x0000000100000000)
  region size 1024K, 110 young (112640K), 3 survivors (3072K)
 Metaspace       used 111062K, committed 113152K, reserved 1179648K
  class space    used 15561K, committed 16640K, reserved 1048576K
}
Event: 130.522 GC heap after
{Heap after GC invocations=64 (full 0):
 garbage-first heap   total 343040K, used 203686K [0x0000000080000000, 0x0000000100000000)
  region size 1024K, 3 young (3072K), 3 survivors (3072K)
 Metaspace       used 111062K, committed 113152K, reserved 1179648K
  class space    used 15561K, committed 16640K, reserved 1048576K
}
Event: 131.024 GC heap before
{Heap before GC invocations=65 (full 0):
 garbage-first heap   total 343040K, used 318374K [0x0000000080000000, 0x0000000100000000)
  region size 1024K, 116 young (118784K), 3 survivors (3072K)
 Metaspace       used 111492K, committed 113600K, reserved 1179648K
  class space    used 15584K, committed 16640K, reserved 1048576K
}
Event: 131.029 GC heap after
{Heap after GC invocations=66 (full 0):
 garbage-first heap   total 343040K, used 204578K [0x0000000080000000, 0x0000000100000000)
  region size 1024K, 4 young (4096K), 4 survivors (4096K)
 Metaspace       used 111492K, committed 113600K, reserved 1179648K
  class space    used 15584K, committed 16640K, reserved 1048576K
}
Event: 131.375 GC heap before
{Heap before GC invocations=66 (full 0):
 garbage-first heap   total 343040K, used 320290K [0x0000000080000000, 0x0000000100000000)
  region size 1024K, 117 young (119808K), 4 survivors (4096K)
 Metaspace       used 111613K, committed 113728K, reserved 1179648K
  class space    used 15585K, committed 16640K, reserved 1048576K
}
Event: 131.385 GC heap after
{Heap after GC invocations=67 (full 0):
 garbage-first heap   total 343040K, used 199956K [0x0000000080000000, 0x0000000100000000)
  region size 1024K, 4 young (4096K), 4 survivors (4096K)
 Metaspace       used 111613K, committed 113728K, reserved 1179648K
  class space    used 15585K, committed 16640K, reserved 1048576K
}
Event: 131.684 GC heap before
{Heap before GC invocations=67 (full 0):
 garbage-first heap   total 343040K, used 319764K [0x0000000080000000, 0x0000000100000000)
  region size 1024K, 121 young (123904K), 4 survivors (4096K)
 Metaspace       used 111863K, committed 113984K, reserved 1179648K
  class space    used 15634K, committed 16704K, reserved 1048576K
}
Event: 131.692 GC heap after
{Heap after GC invocations=68 (full 0):
 garbage-first heap   total 343040K, used 200293K [0x0000000080000000, 0x0000000100000000)
  region size 1024K, 5 young (5120K), 5 survivors (5120K)
 Metaspace       used 111863K, committed 113984K, reserved 1179648K
  class space    used 15634K, committed 16704K, reserved 1048576K
}
Event: 132.199 GC heap before
{Heap before GC invocations=69 (full 0):
 garbage-first heap   total 343040K, used 317029K [0x0000000080000000, 0x0000000100000000)
  region size 1024K, 120 young (122880K), 5 survivors (5120K)
 Metaspace       used 112089K, committed 114240K, reserved 1179648K
  class space    used 15658K, committed 16768K, reserved 1048576K
}
Event: 132.208 GC heap after
{Heap after GC invocations=70 (full 0):
 garbage-first heap   total 343040K, used 201504K [0x0000000080000000, 0x0000000100000000)
  region size 1024K, 6 young (6144K), 6 survivors (6144K)
 Metaspace       used 112089K, committed 114240K, reserved 1179648K
  class space    used 15658K, committed 16768K, reserved 1048576K
}
Event: 132.501 GC heap before
{Heap before GC invocations=70 (full 0):
 garbage-first heap   total 343040K, used 317216K [0x0000000080000000, 0x0000000100000000)
  region size 1024K, 119 young (121856K), 6 survivors (6144K)
 Metaspace       used 112153K, committed 114304K, reserved 1179648K
  class space    used 15661K, committed 16768K, reserved 1048576K
}

Dll operation events (3 events):
Event: 0.026 Loaded shared library D:\AndroidStudio\jbr\bin\java.dll
Event: 0.041 Loaded shared library D:\AndroidStudio\jbr\bin\zip.dll
Event: 0.559 Loaded shared library D:\AndroidStudio\jbr\bin\verify.dll

Deoptimization events (20 events):
Event: 132.253 Thread 0x00000130c8e96d30 Uncommon trap: trap_request=0xffffff45 fr.pc=0x00000130b4e0e200 relative=0x0000000000000c20
Event: 132.253 Thread 0x00000130c8e96d30 Uncommon trap: reason=unstable_if action=reinterpret pc=0x00000130b4e0e200 method=java.util.HashMap.computeIfAbsent(Ljava/lang/Object;Ljava/util/function/Function;)Ljava/lang/Object; @ 294 c2
Event: 132.253 Thread 0x00000130c8e96d30 DEOPT PACKING pc=0x00000130b4e0e200 sp=0x0000001dac5f8dc0
Event: 132.253 Thread 0x00000130c8e96d30 DEOPT UNPACKING pc=0x00000130b40b46a2 sp=0x0000001dac5f8d70 mode 2
Event: 132.349 Thread 0x00000130c8e96010 DEOPT PACKING pc=0x00000130adcf26f7 sp=0x0000001dac3f94d0
Event: 132.349 Thread 0x00000130c8e96010 DEOPT UNPACKING pc=0x00000130b40b4e42 sp=0x0000001dac3f8d88 mode 0
Event: 132.389 Thread 0x00000130c8e96d30 Uncommon trap: trap_request=0xffffffde fr.pc=0x00000130b4d2175c relative=0x000000000000289c
Event: 132.389 Thread 0x00000130c8e96d30 Uncommon trap: reason=class_check action=maybe_recompile pc=0x00000130b4d2175c method=com.android.tools.r8.ir.optimize.e0.a(Lcom/android/tools/r8/internal/yk4;Lcom/android/tools/r8/internal/z51;Lcom/android/tools/r8/internal/zc;Lcom/android/tools/r8/ir/op
Event: 132.389 Thread 0x00000130c8e96d30 DEOPT PACKING pc=0x00000130b4d2175c sp=0x0000001dac5f96e0
Event: 132.389 Thread 0x00000130c8e96d30 DEOPT UNPACKING pc=0x00000130b40b46a2 sp=0x0000001dac5f96b8 mode 2
Event: 132.394 Thread 0x00000130c8e92b90 DEOPT PACKING pc=0x00000130adcd363d sp=0x0000001dac2f9d10
Event: 132.394 Thread 0x00000130c8e92b90 DEOPT UNPACKING pc=0x00000130b40b4e42 sp=0x0000001dac2f9578 mode 0
Event: 132.418 Thread 0x00000130c8e92b90 DEOPT PACKING pc=0x00000130adc84163 sp=0x0000001dac2f9b80
Event: 132.418 Thread 0x00000130c8e92b90 DEOPT UNPACKING pc=0x00000130b40b4e42 sp=0x0000001dac2f91a8 mode 0
Event: 132.466 Thread 0x00000130c8e92b90 DEOPT PACKING pc=0x00000130adcd363d sp=0x0000001dac2f9d10
Event: 132.466 Thread 0x00000130c8e92b90 DEOPT UNPACKING pc=0x00000130b40b4e42 sp=0x0000001dac2f9578 mode 0
Event: 132.494 Thread 0x00000130c8e92b90 Uncommon trap: trap_request=0xffffff45 fr.pc=0x00000130b4d980e4 relative=0x0000000000003844
Event: 132.494 Thread 0x00000130c8e92b90 Uncommon trap: reason=unstable_if action=reinterpret pc=0x00000130b4d980e4 method=com.android.tools.r8.internal.md4.v()Z @ 46 c2
Event: 132.494 Thread 0x00000130c8e92b90 DEOPT PACKING pc=0x00000130b4d980e4 sp=0x0000001dac2f97e0
Event: 132.494 Thread 0x00000130c8e92b90 DEOPT UNPACKING pc=0x00000130b40b46a2 sp=0x0000001dac2f9790 mode 2

Classes loaded (20 events):
Event: 128.757 Loading class java/util/IdentityHashMap$EntrySet
Event: 128.757 Loading class java/util/IdentityHashMap$EntrySet done
Event: 128.758 Loading class java/util/IdentityHashMap$EntrySpliterator
Event: 128.758 Loading class java/util/IdentityHashMap$IdentityHashMapSpliterator
Event: 128.758 Loading class java/util/IdentityHashMap$IdentityHashMapSpliterator done
Event: 128.758 Loading class java/util/IdentityHashMap$EntrySpliterator done
Event: 128.759 Loading class java/util/stream/SortedOps$RefSortingSink
Event: 128.759 Loading class java/util/stream/SortedOps$RefSortingSink done
Event: 128.831 Loading class java/util/SortedSet$1
Event: 128.831 Loading class java/util/SortedSet$1 done
Event: 128.934 Loading class java/util/IdentityHashMap$ValueIterator
Event: 128.935 Loading class java/util/IdentityHashMap$ValueIterator done
Event: 130.297 Loading class java/nio/ShortBuffer
Event: 130.298 Loading class java/nio/ShortBuffer done
Event: 130.360 Loading class java/nio/ByteBufferAsShortBufferL
Event: 130.360 Loading class java/nio/ByteBufferAsShortBufferL done
Event: 130.398 Loading class java/util/zip/Adler32
Event: 130.398 Loading class java/util/zip/Adler32 done
Event: 130.402 Loading class java/nio/file/Files$2
Event: 130.402 Loading class java/nio/file/Files$2 done

Classes unloaded (20 events):
Event: 128.569 Thread 0x00000130c10fc340 Unloading class 0x0000000100ec8800 'java/lang/invoke/LambdaForm$DMH+0x0000000100ec8800'
Event: 128.569 Thread 0x00000130c10fc340 Unloading class 0x0000000100e5c000 'java/lang/invoke/LambdaForm$DMH+0x0000000100e5c000'
Event: 128.569 Thread 0x00000130c10fc340 Unloading class 0x0000000100e51400 'java/lang/invoke/LambdaForm$DMH+0x0000000100e51400'
Event: 128.569 Thread 0x00000130c10fc340 Unloading class 0x0000000100e51800 'java/lang/invoke/LambdaForm$DMH+0x0000000100e51800'
Event: 128.569 Thread 0x00000130c10fc340 Unloading class 0x0000000100e51000 'java/lang/invoke/LambdaForm$DMH+0x0000000100e51000'
Event: 128.569 Thread 0x00000130c10fc340 Unloading class 0x0000000100e50c00 'java/lang/invoke/LambdaForm$DMH+0x0000000100e50c00'
Event: 128.569 Thread 0x00000130c10fc340 Unloading class 0x0000000100e51c00 'java/lang/invoke/LambdaForm$DMH+0x0000000100e51c00'
Event: 128.569 Thread 0x00000130c10fc340 Unloading class 0x0000000100e50400 'java/lang/invoke/LambdaForm$DMH+0x0000000100e50400'
Event: 128.569 Thread 0x00000130c10fc340 Unloading class 0x0000000100d93400 'java/lang/invoke/LambdaForm$DMH+0x0000000100d93400'
Event: 128.569 Thread 0x00000130c10fc340 Unloading class 0x0000000100d93000 'java/lang/invoke/LambdaForm$DMH+0x0000000100d93000'
Event: 128.569 Thread 0x00000130c10fc340 Unloading class 0x0000000100d92c00 'java/lang/invoke/LambdaForm$DMH+0x0000000100d92c00'
Event: 128.569 Thread 0x00000130c10fc340 Unloading class 0x0000000100d92800 'java/lang/invoke/LambdaForm$DMH+0x0000000100d92800'
Event: 128.569 Thread 0x00000130c10fc340 Unloading class 0x0000000100d92000 'java/lang/invoke/LambdaForm$DMH+0x0000000100d92000'
Event: 128.569 Thread 0x00000130c10fc340 Unloading class 0x0000000100d92400 'java/lang/invoke/LambdaForm$DMH+0x0000000100d92400'
Event: 128.569 Thread 0x00000130c10fc340 Unloading class 0x0000000100d91800 'java/lang/invoke/LambdaForm$DMH+0x0000000100d91800'
Event: 128.569 Thread 0x00000130c10fc340 Unloading class 0x0000000100d91400 'java/lang/invoke/LambdaForm$DMH+0x0000000100d91400'
Event: 128.569 Thread 0x00000130c10fc340 Unloading class 0x0000000100d90800 'java/lang/invoke/LambdaForm$DMH+0x0000000100d90800'
Event: 128.569 Thread 0x00000130c10fc340 Unloading class 0x0000000100d90400 'java/lang/invoke/LambdaForm$DMH+0x0000000100d90400'
Event: 128.569 Thread 0x00000130c10fc340 Unloading class 0x0000000100d90c00 'java/lang/invoke/LambdaForm$DMH+0x0000000100d90c00'
Event: 128.569 Thread 0x00000130c10fc340 Unloading class 0x0000000100d90000 'java/lang/invoke/LambdaForm$DMH+0x0000000100d90000'

Classes redefined (0 events):
No events

Internal exceptions (20 events):
Event: 128.963 Thread 0x00000130c8e92b90 Exception <a 'java/lang/NoSuchMethodError'{0x0000000093a49270}: 'int java.lang.invoke.DirectMethodHandle$Holder.invokeSpecial(java.lang.Object, java.lang.Object, int, java.lang.Object)'> (0x0000000093a49270) 
thrown [s\src\hotspot\share\interpreter\linkResolver.cpp, line 784]
Event: 128.987 Thread 0x00000130ca2ccb00 Exception <a 'java/lang/NoSuchMethodError'{0x00000000937e8ec8}: 'int java.lang.invoke.DirectMethodHandle$Holder.invokeInterface(java.lang.Object, java.lang.Object, int)'> (0x00000000937e8ec8) 
thrown [s\src\hotspot\share\interpreter\linkResolver.cpp, line 784]
Event: 128.990 Thread 0x00000130ca2ccb00 Exception <a 'java/lang/NoSuchMethodError'{0x000000009366cfa8}: 'void java.lang.invoke.DirectMethodHandle$Holder.invokeStatic(java.lang.Object, int)'> (0x000000009366cfa8) 
thrown [s\src\hotspot\share\interpreter\linkResolver.cpp, line 784]
Event: 129.281 Thread 0x00000130c8e96010 Exception <a 'java/lang/NoSuchMethodError'{0x0000000094b09aa8}: 'int java.lang.invoke.DirectMethodHandle$Holder.invokeSpecial(java.lang.Object, java.lang.Object, int)'> (0x0000000094b09aa8) 
thrown [s\src\hotspot\share\interpreter\linkResolver.cpp, line 784]
Event: 129.312 Thread 0x00000130c8e96010 Exception <a 'java/lang/IncompatibleClassChangeError'{0x000000009492b488}: Found class java.lang.Object, but interface was expected> (0x000000009492b488) 
thrown [s\src\hotspot\share\interpreter\linkResolver.cpp, line 851]
Event: 129.372 Thread 0x00000130c8e92b90 Exception <a 'java/lang/NoSuchMethodError'{0x00000000944cc170}: 'void java.lang.invoke.DirectMethodHandle$Holder.invokeStatic(java.lang.Object, java.lang.Object, java.lang.Object, java.lang.Object, java.lang.Object, java.lang.Object, java.lang.Object)'> (0x00000000944cc170) 
thrown [s\src\hotspot\share\interpreter\linkResolver.cpp, line 784]
Event: 129.729 Thread 0x00000130c8e95980 Exception <a 'java/lang/NoSuchMethodError'{0x00000000912a06b8}: 'void java.lang.invoke.DirectMethodHandle$Holder.invokeSpecialIFC(java.lang.Object, java.lang.Object, java.lang.Object, java.lang.Object)'> (0x00000000912a06b8) 
thrown [s\src\hotspot\share\interpreter\linkResolver.cpp, line 784]
Event: 129.819 Thread 0x00000130c8e952f0 Exception <a 'java/lang/NoSuchMethodError'{0x00000000908c2dd8}: 'void java.lang.invoke.DirectMethodHandle$Holder.invokeSpecial(java.lang.Object, java.lang.Object, java.lang.Object, int, java.lang.Object, java.lang.Object, java.lang.Object, java.lang.Object)'> (0x00000000908c2dd8) 
thrown [s\src\hotspot\share\interpreter\linkResolver.cpp, line 784]
Event: 129.825 Thread 0x00000130c8e952f0 Exception <a 'java/lang/NoSuchMethodError'{0x00000000907a7b70}: 'void java.lang.invoke.DirectMethodHandle$Holder.invokeStatic(java.lang.Object, java.lang.Object, java.lang.Object, java.lang.Object, java.lang.Object, java.lang.Object, java.lang.Object, java.lang.Object)'> (0x00000000907a7b70) 
thrown [s\src\hotspot\share\interpreter\linkResolver.cpp, line 784]
Event: 129.890 Thread 0x00000130c8e95980 Exception <a 'java/lang/NoSuchMethodError'{0x00000000903fdce0}: 'void java.lang.invoke.DirectMethodHandle$Holder.invokeSpecial(java.lang.Object, java.lang.Object, java.lang.Object, java.lang.Object, java.lang.Object, java.lang.Object, java.lang.Object, java.lang.Object, java.lang.Object)'> (0x00000000903fdce0) 
thrown [s\src\hotspot\share\interpreter\linkResolver.cpp, line 784]
Event: 129.938 Thread 0x00000130c8e952f0 Implicit null exception at 0x00000130b47d5609 to 0x00000130b47d5814
Event: 129.938 Thread 0x00000130c8e952f0 Implicit null exception at 0x00000130b47ad6e0 to 0x00000130b47ad855
Event: 130.200 Thread 0x00000130c8e952f0 Exception <a 'java/lang/NoSuchMethodError'{0x00000000923c0c08}: 'java.lang.Object java.lang.invoke.DirectMethodHandle$Holder.invokeStatic(java.lang.Object, java.lang.Object, int, java.lang.Object)'> (0x00000000923c0c08) 
thrown [s\src\hotspot\share\interpreter\linkResolver.cpp, line 784]
Event: 130.317 Thread 0x00000130c8e952f0 Exception <a 'java/lang/IncompatibleClassChangeError'{0x0000000090a62f50}: Found class java.lang.Object, but interface was expected> (0x0000000090a62f50) 
thrown [s\src\hotspot\share\interpreter\linkResolver.cpp, line 851]
Event: 130.406 Thread 0x00000130c8e952f0 Exception <a 'sun/nio/fs/WindowsException'{0x000000008fcd5748}> (0x000000008fcd5748) 
thrown [s\src\hotspot\share\prims\jni.cpp, line 537]
Event: 130.420 Thread 0x00000130c8e945d0 Exception <a 'sun/nio/fs/WindowsException'{0x000000008f22d988}> (0x000000008f22d988) 
thrown [s\src\hotspot\share\prims\jni.cpp, line 537]
Event: 130.881 Thread 0x00000130c8e96010 Exception <a 'java/lang/NoSuchMethodError'{0x0000000091ad8590}: 'int java.lang.invoke.DirectMethodHandle$Holder.invokeStatic(java.lang.Object, java.lang.Object, int, java.lang.Object)'> (0x0000000091ad8590) 
thrown [s\src\hotspot\share\interpreter\linkResolver.cpp, line 784]
Event: 130.966 Thread 0x00000130c8e973c0 Exception <a 'sun/nio/fs/WindowsException'{0x0000000091195640}> (0x0000000091195640) 
thrown [s\src\hotspot\share\prims\jni.cpp, line 537]
Event: 131.570 Thread 0x00000130c8e95980 Implicit null exception at 0x00000130b4ac1a80 to 0x00000130b4ac1bc4
Event: 132.341 Thread 0x00000130c8e95980 Exception <a 'sun/nio/fs/WindowsException'{0x0000000094d00a98}> (0x0000000094d00a98) 
thrown [s\src\hotspot\share\prims\jni.cpp, line 537]

ZGC Phase Switch (0 events):
No events

VM Operations (20 events):
Event: 131.029 Executing VM operation: G1CollectForAllocation (G1 Evacuation Pause) done
Event: 131.356 Executing VM operation: ICBufferFull
Event: 131.356 Executing VM operation: ICBufferFull done
Event: 131.375 Executing VM operation: G1CollectForAllocation (G1 Evacuation Pause)
Event: 131.385 Executing VM operation: G1CollectForAllocation (G1 Evacuation Pause) done
Event: 131.501 Executing VM operation: HandshakeAllThreads (Deoptimize)
Event: 131.504 Executing VM operation: HandshakeAllThreads (Deoptimize) done
Event: 131.684 Executing VM operation: G1CollectForAllocation (G1 Evacuation Pause)
Event: 131.692 Executing VM operation: G1CollectForAllocation (G1 Evacuation Pause) done
Event: 131.810 Executing VM operation: HandshakeAllThreads (Deoptimize)
Event: 131.814 Executing VM operation: HandshakeAllThreads (Deoptimize) done
Event: 131.919 Executing VM operation: G1PauseRemark
Event: 131.927 Executing VM operation: G1PauseRemark done
Event: 132.064 Executing VM operation: G1PauseCleanup
Event: 132.065 Executing VM operation: G1PauseCleanup done
Event: 132.199 Executing VM operation: G1CollectForAllocation (G1 Evacuation Pause)
Event: 132.208 Executing VM operation: G1CollectForAllocation (G1 Evacuation Pause) done
Event: 132.347 Executing VM operation: HandshakeAllThreads (Deoptimize)
Event: 132.348 Executing VM operation: HandshakeAllThreads (Deoptimize) done
Event: 132.501 Executing VM operation: G1CollectForAllocation (G1 Evacuation Pause)

Memory protections (0 events):
No events

Nmethod flushes (20 events):
Event: 131.926 Thread 0x00000130c10fc340 flushing  nmethod 0x00000130adb66b90
Event: 131.926 Thread 0x00000130c10fc340 flushing  nmethod 0x00000130adb67910
Event: 131.926 Thread 0x00000130c10fc340 flushing  nmethod 0x00000130adbb8a90
Event: 131.926 Thread 0x00000130c10fc340 flushing  nmethod 0x00000130adbb9e90
Event: 131.926 Thread 0x00000130c10fc340 flushing  nmethod 0x00000130adbba510
Event: 131.926 Thread 0x00000130c10fc340 flushing  nmethod 0x00000130adbbab10
Event: 131.926 Thread 0x00000130c10fc340 flushing  nmethod 0x00000130adbbc990
Event: 131.926 Thread 0x00000130c10fc340 flushing  nmethod 0x00000130adbbcf10
Event: 131.926 Thread 0x00000130c10fc340 flushing  nmethod 0x00000130adbbee10
Event: 131.926 Thread 0x00000130c10fc340 flushing  nmethod 0x00000130adbc1490
Event: 131.926 Thread 0x00000130c10fc340 flushing  nmethod 0x00000130adbc1b90
Event: 131.926 Thread 0x00000130c10fc340 flushing  nmethod 0x00000130adc00810
Event: 131.926 Thread 0x00000130c10fc340 flushing  nmethod 0x00000130adc02d10
Event: 131.926 Thread 0x00000130c10fc340 flushing  nmethod 0x00000130adc03e10
Event: 131.926 Thread 0x00000130c10fc340 flushing  nmethod 0x00000130adc04290
Event: 131.926 Thread 0x00000130c10fc340 flushing  nmethod 0x00000130adc06410
Event: 131.926 Thread 0x00000130c10fc340 flushing  nmethod 0x00000130adc07510
Event: 131.926 Thread 0x00000130c10fc340 flushing  nmethod 0x00000130adc0a190
Event: 131.926 Thread 0x00000130c10fc340 flushing  nmethod 0x00000130adc4b690
Event: 131.926 Thread 0x00000130c10fc340 flushing  nmethod 0x00000130ae030690

Events (20 events):
Event: 79.496 Thread 0x00000130c8847490 Thread exited: 0x00000130c8847490
Event: 121.323 Thread 0x00000130c122d850 Thread added: 0x00000130c8847490
Event: 121.558 Thread 0x00000130c122d850 Thread added: 0x00000130c8847b60
Event: 122.561 Thread 0x00000130c8847b60 Thread exited: 0x00000130c8847b60
Event: 122.561 Thread 0x00000130c8847490 Thread exited: 0x00000130c8847490
Event: 122.876 Thread 0x00000130c122d850 Thread added: 0x00000130c88466f0
Event: 122.894 Thread 0x00000130c122ad80 Thread added: 0x00000130c8847490
Event: 123.409 Thread 0x00000130c8847490 Thread exited: 0x00000130c8847490
Event: 123.607 Thread 0x00000130c88466f0 Thread exited: 0x00000130c88466f0
Event: 124.591 Thread 0x00000130c122d850 Thread added: 0x00000130c88466f0
Event: 124.591 Thread 0x00000130c122d850 Thread added: 0x00000130c8847490
Event: 124.603 Thread 0x00000130c7c4c6d0 Thread added: 0x00000130cd699ba0
Event: 125.091 Thread 0x00000130c88466f0 Thread exited: 0x00000130c88466f0
Event: 125.091 Thread 0x00000130c8847490 Thread exited: 0x00000130c8847490
Event: 126.083 Thread 0x00000130c122d850 Thread added: 0x00000130c88466f0
Event: 126.210 Thread 0x00000130c122d850 Thread added: 0x00000130c8847490
Event: 127.321 Thread 0x00000130c8847490 Thread exited: 0x00000130c8847490
Event: 127.722 Thread 0x00000130c88466f0 Thread exited: 0x00000130c88466f0
Event: 128.117 Thread 0x00000130c122d850 Thread added: 0x00000130c88466f0
Event: 128.123 Thread 0x00000130c122d850 Thread added: 0x00000130c8847490


Dynamic libraries:
0x00007ff68dca0000 - 0x00007ff68dcaa000 	D:\AndroidStudio\jbr\bin\java.exe
0x00007ff847ec0000 - 0x00007ff848127000 	C:\WINDOWS\SYSTEM32\ntdll.dll
0x00007ff846020000 - 0x00007ff8460e9000 	C:\WINDOWS\System32\KERNEL32.DLL
0x00007ff845790000 - 0x00007ff845b87000 	C:\WINDOWS\System32\KERNELBASE.dll
0x00007ff844c50000 - 0x00007ff844d9b000 	C:\WINDOWS\System32\ucrtbase.dll
0x00007ff825ad0000 - 0x00007ff825aeb000 	D:\AndroidStudio\jbr\bin\VCRUNTIME140.dll
0x00007ff824d20000 - 0x00007ff824d38000 	D:\AndroidStudio\jbr\bin\jli.dll
0x00007ff846350000 - 0x00007ff846516000 	C:\WINDOWS\System32\USER32.dll
0x00007ff82cf40000 - 0x00007ff82d1d2000 	C:\WINDOWS\WinSxS\amd64_microsoft.windows.common-controls_6595b64144ccf1df_6.0.26100.8457_none_3e0b2faee331e92d\COMCTL32.dll
0x00007ff844c20000 - 0x00007ff844c47000 	C:\WINDOWS\System32\win32u.dll
0x00007ff846da0000 - 0x00007ff846dcb000 	C:\WINDOWS\System32\GDI32.dll
0x00007ff847460000 - 0x00007ff847509000 	C:\WINDOWS\System32\msvcrt.dll
0x00007ff844a30000 - 0x00007ff844b5c000 	C:\WINDOWS\System32\gdi32full.dll
0x00007ff8448f0000 - 0x00007ff844993000 	C:\WINDOWS\System32\msvcp_win.dll
0x00007ff846cc0000 - 0x00007ff846cf2000 	C:\WINDOWS\System32\IMM32.DLL
0x00007ff83ff50000 - 0x00007ff83ff5c000 	D:\AndroidStudio\jbr\bin\vcruntime140_1.dll
0x00007ff818040000 - 0x00007ff8180cd000 	D:\AndroidStudio\jbr\bin\msvcp140.dll
0x00007fffcef40000 - 0x00007fffcfbd6000 	D:\AndroidStudio\jbr\bin\server\jvm.dll
0x00007ff847d60000 - 0x00007ff847e16000 	C:\WINDOWS\System32\ADVAPI32.dll
0x00007ff8462a0000 - 0x00007ff846347000 	C:\WINDOWS\System32\sechost.dll
0x00007ff846520000 - 0x00007ff846638000 	C:\WINDOWS\System32\RPCRT4.dll
0x00007ff846d10000 - 0x00007ff846d90000 	C:\WINDOWS\System32\WS2_32.dll
0x00007ff843810000 - 0x00007ff84386e000 	C:\WINDOWS\SYSTEM32\POWRPROF.dll
0x00007ff8307d0000 - 0x00007ff830806000 	C:\WINDOWS\SYSTEM32\WINMM.dll
0x00007ff83c4d0000 - 0x00007ff83c4db000 	C:\WINDOWS\SYSTEM32\VERSION.dll
0x00007ff8437f0000 - 0x00007ff843804000 	C:\WINDOWS\SYSTEM32\UMPDC.dll
0x00007ff8436b0000 - 0x00007ff8436cb000 	C:\WINDOWS\SYSTEM32\kernel.appcore.dll
0x00007ff83f5d0000 - 0x00007ff83f5da000 	D:\AndroidStudio\jbr\bin\jimage.dll
0x00007ff82fcb0000 - 0x00007ff82fef2000 	C:\WINDOWS\SYSTEM32\DBGHELP.DLL
0x00007ff845c60000 - 0x00007ff845fe3000 	C:\WINDOWS\System32\combase.dll
0x00007ff847120000 - 0x00007ff8471f9000 	C:\WINDOWS\System32\OLEAUT32.dll
0x00007ff830020000 - 0x00007ff83005b000 	C:\WINDOWS\SYSTEM32\dbgcore.DLL
0x00007ff845b90000 - 0x00007ff845c38000 	C:\WINDOWS\System32\bcryptPrimitives.dll
0x00007ff824d10000 - 0x00007ff824d1e000 	D:\AndroidStudio\jbr\bin\instrument.dll
0x00007ff824c80000 - 0x00007ff824ca0000 	D:\AndroidStudio\jbr\bin\java.dll
0x00007ff824c60000 - 0x00007ff824c78000 	D:\AndroidStudio\jbr\bin\zip.dll
0x00007ff8475e0000 - 0x00007ff847d4e000 	C:\WINDOWS\System32\SHELL32.dll
0x00007ff844f20000 - 0x00007ff84578c000 	C:\WINDOWS\System32\windows.storage.dll
0x00007ff846dd0000 - 0x00007ff846ec6000 	C:\WINDOWS\System32\SHCORE.dll
0x00007ff8470b0000 - 0x00007ff847116000 	C:\WINDOWS\System32\shlwapi.dll
0x00007ff844810000 - 0x00007ff844839000 	C:\WINDOWS\SYSTEM32\profapi.dll
0x00007ff832db0000 - 0x00007ff832dc0000 	D:\AndroidStudio\jbr\bin\net.dll
0x00007ff83dc00000 - 0x00007ff83dd29000 	C:\WINDOWS\SYSTEM32\WINHTTP.dll
0x00007ff843cb0000 - 0x00007ff843d1c000 	C:\WINDOWS\system32\mswsock.dll
0x00007ff824c40000 - 0x00007ff824c56000 	D:\AndroidStudio\jbr\bin\nio.dll
0x00007ff824580000 - 0x00007ff824590000 	D:\AndroidStudio\jbr\bin\verify.dll
0x00007ff81d100000 - 0x00007ff81d127000 	D:\gradle_cache\native\1def1411415f61bf3af743bc5b6707747c0891f09f0c88961ee8f79bc544acac\windows-amd64\native-platform.dll
0x00007ff817fc0000 - 0x00007ff818037000 	D:\gradle_cache\native\0.2.8\x86_64-windows-gnu\gradle-fileevents.dll
0x00007ff824c30000 - 0x00007ff824c39000 	D:\AndroidStudio\jbr\bin\management.dll
0x00007ff824c20000 - 0x00007ff824c2b000 	D:\AndroidStudio\jbr\bin\management_ext.dll
0x00007ff846d00000 - 0x00007ff846d08000 	C:\WINDOWS\System32\PSAPI.DLL
0x00007ff843030000 - 0x00007ff843062000 	C:\WINDOWS\SYSTEM32\IPHLPAPI.DLL
0x00007ff846290000 - 0x00007ff84629a000 	C:\WINDOWS\System32\NSI.dll
0x00007ff825410000 - 0x00007ff825419000 	D:\AndroidStudio\jbr\bin\extnet.dll
0x00007ff8440b0000 - 0x00007ff8440cb000 	C:\WINDOWS\SYSTEM32\CRYPTSP.dll
0x00007ff843610000 - 0x00007ff843649000 	C:\WINDOWS\system32\rsaenh.dll
0x00007ff843d60000 - 0x00007ff843d93000 	C:\WINDOWS\SYSTEM32\USERENV.dll
0x00007ff8447e0000 - 0x00007ff84480a000 	C:\WINDOWS\SYSTEM32\bcrypt.dll
0x00007ff843f10000 - 0x00007ff843f1c000 	C:\WINDOWS\SYSTEM32\CRYPTBASE.dll
0x00007ff825750000 - 0x00007ff825758000 	C:\WINDOWS\system32\wshunix.dll

JVMTI agents:
D:\gradle_cache\wrapper\dists\gradle-9.1.0-bin\9agqghryom9wkf8r80qlhnts3\gradle-9.1.0\lib\agents\gradle-instrumentation-agent-9.1.0.jar path:D:\AndroidStudio\jbr\bin\instrument.dll, loaded, initialized, instrumentlib options:none

dbghelp: loaded successfully - version: 4.0.5 - missing functions: none
symbol engine: initialized successfully - sym options: 0x614 - pdb path: .;D:\AndroidStudio\jbr\bin;C:\WINDOWS\SYSTEM32;C:\WINDOWS\WinSxS\amd64_microsoft.windows.common-controls_6595b64144ccf1df_6.0.26100.8457_none_3e0b2faee331e92d;D:\AndroidStudio\jbr\bin\server;D:\gradle_cache\native\1def1411415f61bf3af743bc5b6707747c0891f09f0c88961ee8f79bc544acac\windows-amd64;D:\gradle_cache\native\0.2.8\x86_64-windows-gnu

VM Arguments:
jvm_args: --add-opens=java.base/java.lang=ALL-UNNAMED --add-opens=java.base/java.lang.invoke=ALL-UNNAMED --add-opens=java.base/java.util=ALL-UNNAMED --add-opens=java.prefs/java.util.prefs=ALL-UNNAMED --add-exports=jdk.compiler/com.sun.tools.javac.api=ALL-UNNAMED --add-exports=jdk.compiler/com.sun.tools.javac.util=ALL-UNNAMED --add-opens=java.base/java.util=ALL-UNNAMED --add-opens=java.prefs/java.util.prefs=ALL-UNNAMED --add-opens=java.base/java.nio.charset=ALL-UNNAMED --add-opens=java.base/java.net=ALL-UNNAMED --add-opens=java.base/java.util.concurrent=ALL-UNNAMED --add-opens=java.base/java.util.concurrent.atomic=ALL-UNNAMED --add-opens=java.xml/javax.xml.namespace=ALL-UNNAMED --add-opens=java.base/java.time=ALL-UNNAMED -Xmx2048m -Dfile.encoding=UTF-8 -Duser.country=TR -Duser.language=tr -Duser.variant -javaagent:D:\gradle_cache\wrapper\dists\gradle-9.1.0-bin\9agqghryom9wkf8r80qlhnts3\gradle-9.1.0\lib\agents\gradle-instrumentation-agent-9.1.0.jar 
java_command: org.gradle.launcher.daemon.bootstrap.GradleDaemon 9.1.0
java_class_path (initial): D:\gradle_cache\wrapper\dists\gradle-9.1.0-bin\9agqghryom9wkf8r80qlhnts3\gradle-9.1.0\lib\gradle-daemon-main-9.1.0.jar
Launcher Type: SUN_STANDARD

[Global flags]
     intx CICompilerCount                          = 4                                         {product} {ergonomic}
     uint ConcGCThreads                            = 2                                         {product} {ergonomic}
     uint G1ConcRefinementThreads                  = 8                                         {product} {ergonomic}
   size_t G1HeapRegionSize                         = 1048576                                   {product} {ergonomic}
    uintx GCDrainStackTargetSize                   = 64                                        {product} {ergonomic}
   size_t InitialHeapSize                          = 266338304                                 {product} {ergonomic}
   size_t MarkStackSize                            = 4194304                                   {product} {ergonomic}
   size_t MaxHeapSize                              = 2147483648                                {product} {command line}
   size_t MaxNewSize                               = 1287651328                                {product} {ergonomic}
   size_t MinHeapDeltaBytes                        = 1048576                                   {product} {ergonomic}
   size_t MinHeapSize                              = 8388608                                   {product} {ergonomic}
    uintx NonNMethodCodeHeapSize                   = 5839372                                {pd product} {ergonomic}
    uintx NonProfiledCodeHeapSize                  = 122909434                              {pd product} {ergonomic}
     bool PerfDisableSharedMem                     = true                                      {product} {ergonomic}
    uintx ProfiledCodeHeapSize                     = 122909434                              {pd product} {ergonomic}
    uintx ReservedCodeCacheSize                    = 251658240                              {pd product} {ergonomic}
     bool SegmentedCodeCache                       = true                                      {product} {ergonomic}
   size_t SoftMaxHeapSize                          = 2147483648                             {manageable} {ergonomic}
     bool UseCompressedOops                        = true                           {product lp64_product} {ergonomic}
     bool UseG1GC                                  = true                                      {product} {ergonomic}
     bool UseLargePagesIndividualAllocation        = false                                  {pd product} {ergonomic}

Logging:
Log output configuration:
 #0: stdout all=warning uptime,level,tags foldmultilines=false
 #1: stderr all=off uptime,level,tags foldmultilines=false

Environment Variables:
JAVA_HOME=C:\Program Files\Microsoft\jdk-17.0.18.8-hotspot\
PATH=C:\Program Files\Microsoft\jdk-17.0.18.8-hotspot\bin;C:\WINDOWS\system32;C:\WINDOWS;C:\WINDOWS\System32\Wbem;C:\WINDOWS\System32\WindowsPowerShell\v1.0\;C:\WINDOWS\System32\OpenSSH\;C:\Program Files\dotnet\;C:\Program Files\nodejs\;C:\ProgramData\chocolatey\bin;C:\Program Files\Amazon\AWSCLIV2\;C:\pgsql\bin;C:\ffmpeg\bin;C:\Program Files (x86)\Microsoft SQL Server\160\Tools\Binn\;C:\Program Files\Microsoft SQL Server\160\Tools\Binn\;C:\Program Files\Microsoft SQL Server\Client SDK\ODBC\170\Tools\Binn\;C:\Program Files\Microsoft SQL Server\160\DTS\Binn\;C:\Program Files\Microsoft SQL Server\170\DTS\Binn\;C:\Program Files\Microsoft SQL Server\150\Tools\Binn\;C:\Program Files\Microsoft SQL Server\130\DTS\Binn\;C:\Program Files\Microsoft SQL Server\140\DTS\Binn\;C:\Program Files\Microsoft SQL Server\150\DTS\Binn\;C:\poppler-25.07.0\Library\bin;C:\Program Files\Tesseract-OCR;C:\Program Files\cursor\resources\app\bin;C:\Program Files\Microsoft\jdk-17.0.18.8-hotspot\\bin;C:\ProgramData\chocolatey\lib\maven\apache-maven-3.9.11\bin;C:\Program Files\apache-maven-3.9.11\bin;C:\Program Files\Microsoft SQL Server\170\Tools\Binn\;C:\Program Files\Docker\Docker\resources\bin;C:\Program Files\Git\cmd;C:\Program Files\Git-Xet\;C:\Program Files\Microsoft\jdk-17.0.18.8-hotspot\bin;C:\WINDOWS\system32;C:\WINDOWS;C:\WINDOWS\System32\Wbem;C:\WINDOWS\System32\WindowsPowerShell\v1.0\;C:\WINDOWS\System32\OpenSSH\;C:\Program Files\dotnet\;C:\Program Files\nodejs\;C:\ProgramData\chocolatey\bin;C:\Program Files\Amazon\AWSCLIV2\;C:\pgsql\bin;C:\ffmpeg\bin;C:\Program Files (x86)\Microsoft SQL Server\160\Tools\Binn\;C:\Program Files\Microsoft SQL Server\160\Tools\Binn\;C:\Program Files\Microsoft SQL Server\Client SDK\ODBC\170\Tools\Binn\;C:\Program Files\Microsoft SQL Server\160\DTS\Binn\;C:\Program Files\Microsoft SQL Server\170\DTS\Binn\;C:\Program Files\Microsoft SQL Server\150\Tools\Binn\;C:\Program Files\Microsoft SQL Server\130\DTS\Binn\;C:\Program Files\Microsoft SQL Server\140\DTS\Binn\;C:\Program Files\Microsoft SQL Server\150\DTS\Binn\;C:\poppler-25.07.0\Library\bin;C:\Program Files\Tesseract-OCR;C:\Program Files\cursor\resources\app\bin;C:\Program Files\Microsoft\jdk-17.0.18.8-hotspot\\bin;C:\ProgramData\chocolatey\lib\maven\apache-maven-3.9.11\bin;C:\Program Files\apache-maven-3.9.11\bin;C:\Program Files\Microsoft SQL Server\170\Tools\Binn\;C:\Program Files\Docker\Docker\resources\bin;C:\Program Files\Git\cmd;C:\Program Files\Git-Xet\;C:\Users\erens\AppData\Local\Programs\Python\Python310\Scripts\;C:\Users\erens\AppData\Local\Programs\Python\Python310\;C:\Users\erens\AppData\Local\Programs\Python\Python313\Scripts\;C:\Users\erens\AppData\Local\Programs\Python\Python313\;C:\Users\erens\AppData\Local\Microsoft\WindowsApps;C:\Users\erens\AppData\Local\Programs\Microsoft VS Code\bin;C:\Users\erens\AppData\Roaming\npm;C:\Users\erens\AppData\Local\Programs\cursor\resources\app\bin;C:\Users\erens\AppData\Local\Programs\Ollama;C:\Users\erens\.dotnet\tools;C:\Program Files\poppler-25.07.0\Library\bin;C:\Program Files\JetBrains\IntelliJ IDEA Community Edition 2025.2.5\bin;C:\Users\erens\AppData\Local\Programs\Antigravity\bin;C:\tools\flutter\bin;C:\Users\erens\AppData\AndroidCLI;C:\Users\erens\AppData\Local\Programs\Python\Python311\Scripts;C:\Users\erens\AppData\Local\Programs\Python\Python311\Scripts;C:\Users\erens\AppData\Local\Microsoft\WinGet\Links;D:\npm_global\node_modules\@anthropic-ai\claude-code\bin;D:\Antigravity IDE\bin;C:\Users\erens\AppData\Local\Programs\Antigravity IDE\bin
USERNAME=erens
OS=Windows_NT
PROCESSOR_IDENTIFIER=Intel64 Family 6 Model 165 Stepping 2, GenuineIntel
TMP=D:\temp
TEMP=D:\temp




Periodic native trim disabled

JNI global refs:
JNI global refs: 31, weak refs: 56

JNI global refs memory usage: 835, weak refs: 1465

Process memory usage:
Resident Set Size: 691716K (4% of 16561524K total physical memory with 765092K free physical memory)

OOME stack traces (most recent first):
Classloader memory used:
Loader org.gradle.internal.classloader.VisitableURLClassLoader$InstrumentingVisitableURLClassLoader: 40477K
Loader org.gradle.internal.classloader.VisitableURLClassLoader                         : 33551K
Loader bootstrap                                                                       : 26681K
Loader org.gradle.initialization.MixInLegacyTypesClassLoader                           : 9576K
Loader jdk.internal.reflect.DelegatingClassLoader                                      : 1441K
Loader jdk.internal.loader.ClassLoaders$AppClassLoader                                 : 230K
Loader jdk.internal.loader.ClassLoaders$PlatformClassLoader                            : 195K

Classes loaded by more than one classloader:
Class com.google.common.collect.RegularImmutableMap$KeySet                            : loaded 2 times (x 152B)
Class com.google.common.base.PairwiseEquivalence                                      : loaded 2 times (x 83B)
Class com.google.common.base.Equivalence$Identity                                     : loaded 2 times (x 82B)
Class org.gradle.internal.classloader.FilteringClassLoader                            : loaded 2 times (x 105B)
Class com.google.common.io.FileWriteMode                                              : loaded 2 times (x 79B)
Class [Lcom.google.common.base.AbstractIterator$State;                                : loaded 2 times (x 69B)
Class com.google.common.base.CharMatcher$IsEither                                     : loaded 2 times (x 111B)
Class org.gradle.internal.classloader.ClassLoaderHierarchy                            : loaded 2 times (x 70B)
Class com.google.common.collect.ImmutableEnumSet                                      : loaded 2 times (x 146B)
Class com.google.common.collect.ImmutableList$1                                       : loaded 2 times (x 97B)
Class com.google.common.util.concurrent.ExecutionError                                : loaded 2 times (x 82B)
Class com.google.common.collect.AbstractMapBasedMultimap$WrappedCollection            : loaded 2 times (x 124B)
Class org.gradle.api.internal.classpath.ManifestUtil                                  : loaded 2 times (x 71B)
Class com.google.common.io.ByteArrayDataOutput                                        : loaded 2 times (x 70B)
Class com.google.common.collect.RegularImmutableMap                                   : loaded 2 times (x 121B)
Class com.google.common.collect.ImmutableMap$MapViewOfValuesAsSingletonSets           : loaded 2 times (x 126B)
Class com.google.common.collect.TransformedListIterator                               : loaded 2 times (x 93B)
Class com.google.common.collect.UnmodifiableListIterator                              : loaded 2 times (x 95B)
Class com.google.common.base.Platform$JdkPatternCompiler                              : loaded 2 times (x 75B)
Class [Lcom.google.common.cache.CacheBuilder$OneWeigher;                              : loaded 2 times (x 69B)
Class com.google.common.base.Suppliers                                                : loaded 2 times (x 71B)
Class org.gradle.internal.classloader.DefaultClassLoaderFactory                       : loaded 2 times (x 82B)
Class com.google.common.base.CharMatcher$None                                         : loaded 2 times (x 112B)
Class [Lcom.google.common.collect.AbstractIterator$State;                             : loaded 2 times (x 69B)
Class org.gradle.internal.classloader.ClassLoaderVisitor                              : loaded 2 times (x 76B)
Class [Lcom.google.common.collect.ImmutableMapEntry;                                  : loaded 2 times (x 69B)
Class org.gradle.api.internal.classpath.EffectiveClassPath                            : loaded 2 times (x 90B)
Class com.google.common.collect.ImmutableEnumMap                                      : loaded 2 times (x 126B)
Class com.google.common.collect.ListMultimap                                          : loaded 2 times (x 70B)
Class com.google.common.collect.Sets$1                                                : loaded 2 times (x 139B)
Class com.google.common.base.Splitter                                                 : loaded 2 times (x 72B)
Class org.gradle.api.internal.DefaultClassPathProvider                                : loaded 2 times (x 76B)
Class com.google.common.collect.Maps$ViewCachingAbstractMap                           : loaded 2 times (x 125B)
Class com.google.common.collect.Sets$2                                                : loaded 2 times (x 139B)
Class [Lorg.gradle.api.internal.ClassPathProvider;                                    : loaded 2 times (x 69B)
Class org.gradle.api.internal.ClassPathProvider                                       : loaded 2 times (x 70B)
Class com.google.common.collect.Sets$3                                                : loaded 2 times (x 139B)
Class com.google.common.base.AbstractIterator$State                                   : loaded 2 times (x 79B)
Class com.google.common.cache.LocalCache$LocalLoadingCache                            : loaded 2 times (x 134B)
Class org.gradle.internal.service.UnknownServiceException                             : loaded 2 times (x 83B)
Class com.google.common.io.ByteArrayDataInput                                         : loaded 2 times (x 70B)
Class com.google.common.collect.Sets$4                                                : loaded 2 times (x 139B)
Class com.google.common.cache.LocalCache$Strength$1                                   : loaded 2 times (x 81B)
Class com.google.common.util.concurrent.SettableFuture                                : loaded 2 times (x 114B)
Class com.google.common.cache.LocalCache$Strength$2                                   : loaded 2 times (x 81B)
Class com.google.common.io.ByteStreams                                                : loaded 2 times (x 71B)
Class com.google.common.collect.TransformedIterator                                   : loaded 2 times (x 80B)
Class com.google.common.base.Splitter$1                                               : loaded 2 times (x 77B)
Class com.google.common.cache.LocalCache$Strength$3                                   : loaded 2 times (x 81B)
Class com.google.common.collect.MapDifference                                         : loaded 2 times (x 70B)
Class com.google.common.cache.CacheBuilder$NullListener                               : loaded 2 times (x 82B)
Class org.gradle.internal.classpath.TransformedClassPath                              : loaded 2 times (x 96B)
Class org.gradle.internal.classloader.InstrumentingClassLoader                        : loaded 2 times (x 70B)
Class com.google.common.cache.CacheLoader$FunctionToCacheLoader                       : loaded 2 times (x 75B)
Class com.google.common.collect.Iterators$ArrayItr                                    : loaded 2 times (x 97B)
Class com.google.common.collect.ImmutableCollection$Builder                           : loaded 2 times (x 76B)
Class com.google.common.collect.BaseImmutableMultimap                                 : loaded 2 times (x 123B)
Class com.google.common.base.Joiner                                                   : loaded 2 times (x 79B)
Class com.google.common.base.MoreObjects                                              : loaded 2 times (x 71B)
Class com.google.common.collect.Platform                                              : loaded 2 times (x 71B)
Class com.google.common.collect.UnmodifiableIterator                                  : loaded 2 times (x 80B)
Class org.gradle.internal.service.ServiceLocator                                      : loaded 2 times (x 70B)
Class com.google.common.cache.LocalCache$1                                            : loaded 2 times (x 89B)
Class com.google.common.collect.Iterators$SingletonIterator                           : loaded 2 times (x 81B)
Class com.google.common.collect.AbstractMapEntry                                      : loaded 2 times (x 81B)
Class com.google.common.collect.Sets$ImprovedAbstractSet                              : loaded 2 times (x 135B)
Class com.google.common.collect.ImmutableList$Builder                                 : loaded 2 times (x 77B)
Class com.google.common.cache.LocalCache$2                                            : loaded 2 times (x 142B)
Class com.google.common.collect.AbstractMultimap                                      : loaded 2 times (x 123B)
Class com.google.common.collect.RegularImmutableAsList                                : loaded 2 times (x 217B)
Class com.google.common.util.concurrent.AbstractFuture$Trusted                        : loaded 2 times (x 70B)
Class com.google.common.base.Optional                                                 : loaded 2 times (x 80B)
Class com.google.common.collect.Iterators                                             : loaded 2 times (x 71B)
Class com.google.common.io.ByteSink$AsCharSink                                        : loaded 2 times (x 80B)
Class com.google.common.collect.Lists$StringAsImmutableList                           : loaded 2 times (x 207B)
Class com.google.common.util.concurrent.UncheckedExecutionException                   : loaded 2 times (x 82B)
Class org.gradle.internal.InternalTransformer                                         : loaded 2 times (x 70B)
Class com.google.common.collect.AbstractMapBasedMultimap$KeySet$1                     : loaded 2 times (x 82B)
Class com.google.common.base.CharMatcher$And                                          : loaded 2 times (x 112B)
Class com.google.common.cache.CacheLoader$UnsupportedLoadingOperationException        : loaded 2 times (x 82B)
Class org.gradle.internal.classloader.ClasspathUtil$1                                 : loaded 2 times (x 76B)
Class com.google.common.base.Objects                                                  : loaded 2 times (x 71B)
Class com.google.common.collect.IndexedImmutableSet                                   : loaded 2 times (x 152B)
Class com.google.common.collect.ImmutableMap$1                                        : loaded 2 times (x 81B)
Class com.google.common.collect.FluentIterable$1                                      : loaded 2 times (x 81B)
Class com.google.common.collect.BiMap                                                 : loaded 2 times (x 70B)
Class org.gradle.api.internal.classpath.DefaultModuleRegistry$DefaultModule           : loaded 2 times (x 86B)
Class com.google.common.primitives.Ints                                               : loaded 2 times (x 71B)
Class com.google.common.base.Absent                                                   : loaded 2 times (x 80B)
Class com.google.common.collect.FluentIterable$2                                      : loaded 2 times (x 81B)
Class com.google.common.collect.AbstractIterator                                      : loaded 2 times (x 82B)
Class com.google.common.collect.FluentIterable$3                                      : loaded 2 times (x 81B)
Class com.google.common.collect.ObjectArrays                                          : loaded 2 times (x 71B)
Class com.google.common.collect.AbstractIndexedListIterator                           : loaded 2 times (x 96B)
Class com.google.common.collect.ArrayListMultimapGwtSerializationDependencies         : loaded 2 times (x 172B)
Class com.google.common.collect.Multiset                                              : loaded 2 times (x 70B)
Class com.google.common.collect.ImmutableMapEntrySet                                  : loaded 2 times (x 152B)
Class org.gradle.api.internal.classpath.Module                                        : loaded 2 times (x 70B)
Class com.google.common.cache.Weigher                                                 : loaded 2 times (x 70B)
Class org.gradle.api.internal.classpath.UnknownModuleException                        : loaded 2 times (x 82B)
Class com.google.common.base.Stopwatch                                                : loaded 2 times (x 72B)
Class com.google.common.cache.LocalCache$Strength                                     : loaded 2 times (x 81B)
Class com.google.common.cache.Cache                                                   : loaded 2 times (x 70B)
Class com.google.common.util.concurrent.AbstractFuture$Cancellation                   : loaded 2 times (x 72B)
Class com.google.common.collect.ImmutableMap$Builder                                  : loaded 2 times (x 82B)
Class com.google.common.base.NullnessCasts                                            : loaded 2 times (x 71B)
Class com.google.common.collect.AbstractMapBasedMultimap$WrappedCollection$WrappedIterator: loaded 2 times (x 84B)
Class com.google.common.base.Present                                                  : loaded 2 times (x 81B)
Class com.google.common.cache.RemovalListener                                         : loaded 2 times (x 70B)
Class org.gradle.api.internal.DefaultClassPathRegistry                                : loaded 2 times (x 76B)
Class com.google.common.primitives.IntsMethodsForWeb                                  : loaded 2 times (x 71B)
Class com.google.common.collect.Multimap                                              : loaded 2 times (x 70B)
Class org.gradle.api.internal.ClassPathRegistry                                       : loaded 2 times (x 70B)
Class org.gradle.internal.classpath.DefaultClassPath$ImmutableUniqueList              : loaded 2 times (x 199B)
Class com.google.common.base.ExtraObjectsMethodsForWeb                                : loaded 2 times (x 71B)
Class com.google.common.collect.NullnessCasts                                         : loaded 2 times (x 71B)
Class com.google.common.io.ByteSink                                                   : loaded 2 times (x 76B)
Class com.google.common.collect.SingletonImmutableList                                : loaded 2 times (x 207B)
Class com.google.common.cache.CacheBuilder                                            : loaded 2 times (x 72B)
Class org.gradle.internal.classpath.ClassPath                                         : loaded 2 times (x 70B)
Class com.google.common.base.JdkPattern                                               : loaded 2 times (x 75B)
Class com.google.common.io.Files$FileByteSource                                       : loaded 2 times (x 85B)
Class com.google.common.collect.ImmutableList$ReverseImmutableList                    : loaded 2 times (x 209B)
Class com.google.common.base.Suppliers$SupplierOfInstance                             : loaded 2 times (x 79B)
Class com.google.common.collect.Iterators$1                                           : loaded 2 times (x 81B)
Class com.google.common.cache.LocalCache$ComputingValueReference                      : loaded 2 times (x 96B)
Class com.google.common.collect.SingletonImmutableSet                                 : loaded 2 times (x 146B)
Class com.google.common.collect.ImmutableMap$IteratorBasedImmutableMap                : loaded 2 times (x 126B)
Class com.google.common.cache.LocalCache$Segment                                      : loaded 2 times (x 154B)
Class com.google.common.collect.ImmutableBiMap                                        : loaded 2 times (x 143B)
Class com.google.common.cache.CacheLoader                                             : loaded 2 times (x 74B)
Class com.google.common.collect.Iterators$4                                           : loaded 2 times (x 82B)
Class com.google.common.collect.AbstractListMultimap                                  : loaded 2 times (x 172B)
Class org.gradle.internal.installation.GradleInstallation$1                           : loaded 2 times (x 75B)
Class org.gradle.api.internal.classpath.ModuleRegistry                                : loaded 2 times (x 70B)
Class com.google.common.util.concurrent.internal.InternalFutureFailureAccess          : loaded 2 times (x 72B)
Class com.google.common.base.Splitter$SplittingIterator                               : loaded 2 times (x 84B)
Class com.google.common.collect.Iterators$5                                           : loaded 2 times (x 82B)
Class com.google.common.base.CharMatcher$ForPredicate                                 : loaded 2 times (x 112B)
Class com.google.common.cache.LocalCache$LocalManualCache$1                           : loaded 2 times (x 75B)
Class com.google.common.base.CharMatcher$AnyOf                                        : loaded 2 times (x 112B)
Class com.google.common.collect.ImmutableCollection                                   : loaded 2 times (x 125B)
Class org.gradle.api.internal.classpath.DefaultModuleRegistry                         : loaded 2 times (x 86B)
Class com.google.common.util.concurrent.ListenableFuture                              : loaded 2 times (x 70B)
Class com.google.common.collect.Lists                                                 : loaded 2 times (x 71B)
Class com.google.common.cache.ReferenceEntry                                          : loaded 2 times (x 70B)
Class com.google.common.collect.ImmutableSet$CachingAsList                            : loaded 2 times (x 148B)
Class com.google.common.base.Converter                                                : loaded 2 times (x 90B)
Class com.google.common.util.concurrent.AbstractFuture                                : loaded 2 times (x 106B)
Class com.google.common.base.FunctionalEquivalence                                    : loaded 2 times (x 83B)
Class com.google.common.collect.Iterators$9                                           : loaded 2 times (x 81B)
Class com.google.common.collect.ImmutableAsList                                       : loaded 2 times (x 209B)
Class com.google.common.collect.AbstractMapBasedMultimap                              : loaded 2 times (x 139B)
Class com.google.common.cache.CacheLoader$SupplierToCacheLoader                       : loaded 2 times (x 75B)
Class com.google.common.collect.Maps$EntryTransformer                                 : loaded 2 times (x 70B)
Class org.gradle.internal.service.ServiceLookupException                              : loaded 2 times (x 82B)
Class [Lcom.google.common.cache.LocalCache$EntryFactory;                              : loaded 2 times (x 69B)
Class org.gradle.internal.classloader.ClassLoaderFactory                              : loaded 2 times (x 70B)
Class com.google.common.base.CharMatcher$IsNot                                        : loaded 2 times (x 111B)
Class com.google.common.base.CommonPattern                                            : loaded 2 times (x 74B)
Class com.google.common.cache.LocalCache$LocalManualCache                             : loaded 2 times (x 99B)
Class org.gradle.internal.service.CachingServiceLocator                               : loaded 2 times (x 82B)
Class com.google.common.collect.AbstractMapBasedMultimap$KeySet                       : loaded 2 times (x 137B)
Class com.google.common.math.IntMath                                                  : loaded 2 times (x 71B)
Class com.google.common.collect.ImmutableMapEntry                                     : loaded 2 times (x 85B)
Class com.google.common.collect.ImmutableMultimap                                     : loaded 2 times (x 147B)
Class com.google.common.collect.ImmutableMapEntry$NonTerminalImmutableMapEntry        : loaded 2 times (x 85B)
Class com.google.common.base.Equivalence                                              : loaded 2 times (x 82B)
Class com.google.common.base.Function                                                 : loaded 2 times (x 70B)
Class com.google.common.collect.RegularImmutableList                                  : loaded 2 times (x 213B)
Class com.google.common.cache.CacheBuilder$OneWeigher                                 : loaded 2 times (x 82B)
Class org.gradle.internal.classloader.ClasspathUtil                                   : loaded 2 times (x 71B)
Class com.google.common.util.concurrent.Uninterruptibles                              : loaded 2 times (x 71B)
Class com.google.common.util.concurrent.LazyLogger                                    : loaded 2 times (x 72B)
Class com.google.common.collect.Maps                                                  : loaded 2 times (x 71B)
Class org.gradle.api.specs.Spec                                                       : loaded 2 times (x 70B)
Class [Lcom.google.common.collect.ImmutableEntry;                                     : loaded 2 times (x 69B)
Class com.google.common.cache.LocalCache$LoadingValueReference                        : loaded 2 times (x 96B)
Class com.google.common.base.Platform                                                 : loaded 2 times (x 71B)
Class com.google.common.collect.AbstractMapBasedMultimap$WrappedList                  : loaded 2 times (x 205B)
Class com.google.common.collect.Maps$8                                                : loaded 2 times (x 82B)
Class com.google.common.cache.LocalCache$StrongValueReference                         : loaded 2 times (x 90B)
Class com.google.common.collect.Sets$SetView                                          : loaded 2 times (x 138B)
Class com.google.common.graph.SuccessorsFunction                                      : loaded 2 times (x 70B)
Class org.gradle.internal.classloader.VisitableURLClassLoader$InstrumentingVisitableURLClassLoader: loaded 2 times (x 123B)
Class com.google.common.io.Files$FileByteSink                                         : loaded 2 times (x 77B)
Class [Lcom.google.common.cache.CacheBuilder$NullListener;                            : loaded 2 times (x 69B)
Class org.gradle.internal.classloader.VisitableURLClassLoader$Spec                    : loaded 2 times (x 74B)
Class org.gradle.internal.classpath.DefaultClassPath                                  : loaded 2 times (x 90B)
Class com.google.common.base.AbstractIterator                                         : loaded 2 times (x 80B)
Class com.google.common.collect.RegularImmutableMap$Values                            : loaded 2 times (x 207B)
Class com.google.common.base.CharMatcher$BitSetMatcher                                : loaded 2 times (x 112B)
Class com.google.common.io.Closer                                                     : loaded 2 times (x 78B)
Class com.google.common.collect.ImmutableSet                                          : loaded 2 times (x 145B)
Class org.gradle.internal.classloader.ClassLoaderSpec                                 : loaded 2 times (x 71B)
Class com.google.common.cache.CacheStats                                              : loaded 2 times (x 71B)
Class com.google.common.util.concurrent.AbstractFuture$Listener                       : loaded 2 times (x 72B)
Class com.google.common.base.CharMatcher$Or                                           : loaded 2 times (x 112B)
Class com.google.common.io.Closer$Suppressor                                          : loaded 2 times (x 70B)
Class com.google.common.io.LineProcessor                                              : loaded 2 times (x 70B)
Class com.google.common.base.Supplier                                                 : loaded 2 times (x 70B)
Class org.gradle.internal.classloader.VisitableURLClassLoader                         : loaded 2 times (x 117B)
Class com.google.common.collect.ImmutableList$SerializedForm                          : loaded 2 times (x 73B)
Class org.gradle.internal.Cast                                                        : loaded 2 times (x 71B)
Class org.gradle.api.Action                                                           : loaded 2 times (x 70B)
Class com.google.common.base.Strings                                                  : loaded 2 times (x 71B)
Class com.google.common.collect.Sets                                                  : loaded 2 times (x 71B)
Class com.google.common.base.CharMatcher$FastMatcher                                  : loaded 2 times (x 111B)
Class com.google.common.base.Ticker                                                   : loaded 2 times (x 72B)
Class [Lcom.google.common.cache.LocalCache$Segment;                                   : loaded 2 times (x 69B)
Class com.google.common.base.Predicate                                                : loaded 2 times (x 70B)
Class [Lcom.google.common.cache.LocalCache$Strength;                                  : loaded 2 times (x 69B)
Class com.google.common.cache.CacheBuilder$1                                          : loaded 2 times (x 85B)
Class com.google.common.collect.Serialization                                         : loaded 2 times (x 71B)
Class com.google.common.collect.ImmutableMap                                          : loaded 2 times (x 120B)
Class org.gradle.internal.classpath.DefaultClassPath$ImmutableUniqueList$Builder      : loaded 2 times (x 75B)
Class com.google.common.base.CharMatcher$NegatedFastMatcher                           : loaded 2 times (x 113B)
Class com.google.common.cache.LocalCache                                              : loaded 2 times (x 187B)
Class com.google.common.cache.CacheBuilder$2                                          : loaded 2 times (x 79B)
Class [Lcom.google.common.collect.AbstractMapEntry;                                   : loaded 2 times (x 69B)
Class com.google.common.collect.ImmutableEntry                                        : loaded 2 times (x 82B)
Class com.google.common.cache.CacheBuilder$3                                          : loaded 2 times (x 72B)
Class com.google.common.collect.ArrayListMultimap                                     : loaded 2 times (x 172B)
Class org.gradle.api.GradleException                                                  : loaded 2 times (x 82B)
Class com.google.common.base.Suppliers$MemoizingSupplier                              : loaded 2 times (x 79B)
Class com.google.common.collect.CollectPreconditions                                  : loaded 2 times (x 71B)
Class [Lcom.google.common.io.FileWriteMode;                                           : loaded 2 times (x 69B)
Class com.google.common.collect.SortedMapDifference                                   : loaded 2 times (x 70B)
Class com.google.common.io.Files                                                      : loaded 2 times (x 71B)
Class com.google.common.cache.LocalCache$EntryFactory                                 : loaded 2 times (x 83B)
Class com.google.common.cache.LocalCache$AbstractReferenceEntry                       : loaded 2 times (x 107B)
Class org.gradle.internal.IoActions                                                   : loaded 2 times (x 71B)
Class com.google.common.cache.CacheLoader$InvalidCacheLoadException                   : loaded 2 times (x 82B)
Class com.google.common.collect.ImmutableSet$RegularSetBuilderImpl                    : loaded 2 times (x 77B)
Class org.gradle.internal.classloader.SystemClassLoaderSpec                           : loaded 2 times (x 71B)
Class com.google.common.cache.LocalCache$StrongEntry                                  : loaded 2 times (x 108B)
Class com.google.common.util.concurrent.AbstractFuture$TrustedFuture                  : loaded 2 times (x 114B)
Class com.google.common.collect.FluentIterable                                        : loaded 2 times (x 81B)
Class com.google.common.cache.LoadingCache                                            : loaded 2 times (x 70B)
Class com.google.common.io.ByteStreams$LimitedInputStream                             : loaded 2 times (x 92B)
Class com.google.common.collect.RegularImmutableMap$BucketOverflowException           : loaded 2 times (x 82B)
Class com.google.common.base.Suppliers$NonSerializableMemoizingSupplier               : loaded 2 times (x 79B)
Class [Lcom.google.common.cache.Weigher;                                              : loaded 2 times (x 69B)
Class com.google.common.collect.AbstractMapBasedMultimap$RandomAccessWrappedList      : loaded 2 times (x 205B)
Class com.google.common.base.CharMatcher$Negated                                      : loaded 2 times (x 113B)
Class com.google.common.base.CharMatcher$Is                                           : loaded 2 times (x 111B)
Class com.google.common.collect.AbstractIterator$State                                : loaded 2 times (x 79B)
Class com.google.common.cache.LocalCache$ValueReference                               : loaded 2 times (x 70B)
Class com.google.common.util.concurrent.AbstractFuture$Failure                        : loaded 2 times (x 72B)
Class com.google.common.base.PatternCompiler                                          : loaded 2 times (x 70B)
Class com.google.common.collect.Hashing                                               : loaded 2 times (x 71B)
Class com.google.common.base.Equivalence$Equals                                       : loaded 2 times (x 82B)
Class com.google.common.base.Preconditions                                            : loaded 2 times (x 71B)
Class com.google.common.collect.ImmutableSetMultimap                                  : loaded 2 times (x 180B)
Class com.google.common.io.CharSink                                                   : loaded 2 times (x 79B)
Class com.google.common.base.CharMatcher                                              : loaded 2 times (x 111B)
Class com.google.common.base.Joiner$1                                                 : loaded 2 times (x 80B)
Class com.google.common.collect.PeekingIterator                                       : loaded 2 times (x 70B)
Class com.google.common.collect.Maps$IteratorBasedAbstractMap                         : loaded 2 times (x 125B)
Class com.google.common.collect.Table                                                 : loaded 2 times (x 70B)
Class com.google.common.base.CharMatcher$NamedFastMatcher                             : loaded 2 times (x 112B)
Class com.google.common.base.CharMatcher$1                                            : loaded 2 times (x 113B)
Class com.google.common.base.Joiner$2                                                 : loaded 2 times (x 79B)
Class com.google.common.cache.LocalCache$EntryFactory$1                               : loaded 2 times (x 83B)
Class [Lcom.google.common.cache.RemovalListener;                                      : loaded 2 times (x 69B)
Class com.google.common.cache.LocalCache$EntryFactory$2                               : loaded 2 times (x 83B)
Class org.gradle.api.internal.classpath.GlobalCacheRootsProvider                      : loaded 2 times (x 70B)
Class com.google.common.collect.ImmutableMapEntrySet$RegularEntrySet                  : loaded 2 times (x 152B)
Class com.google.common.cache.LocalCache$EntryFactory$3                               : loaded 2 times (x 83B)
Class com.google.common.base.Ticker$1                                                 : loaded 2 times (x 72B)
Class com.google.common.collect.Maps$BiMapConverter                                   : loaded 2 times (x 90B)
Class com.google.common.collect.SetMultimap                                           : loaded 2 times (x 70B)
Class com.google.common.base.CharMatcher$InRange                                      : loaded 2 times (x 111B)
Class com.google.common.cache.LocalCache$EntryFactory$4                               : loaded 2 times (x 83B)
Class com.google.common.collect.ImmutableSet$Builder                                  : loaded 2 times (x 85B)
Class com.google.common.io.ByteStreams$1                                              : loaded 2 times (x 85B)
Class com.google.common.cache.LocalCache$EntryFactory$5                               : loaded 2 times (x 83B)
Class com.google.common.cache.LocalCache$EntryFactory$6                               : loaded 2 times (x 83B)
Class org.gradle.internal.installation.CurrentGradleInstallationLocator               : loaded 2 times (x 71B)
Class com.google.common.collect.Maps$KeySet                                           : loaded 2 times (x 137B)
Class com.google.common.cache.LocalCache$EntryFactory$7                               : loaded 2 times (x 83B)
Class com.google.common.collect.ImmutableList                                         : loaded 2 times (x 206B)
Class org.gradle.internal.service.DefaultServiceLocator                               : loaded 2 times (x 83B)
Class com.google.common.collect.Maps$EntrySet                                         : loaded 2 times (x 136B)
Class com.google.common.cache.LocalCache$EntryFactory$8                               : loaded 2 times (x 83B)
Class com.google.common.collect.ImmutableSet$SetBuilderImpl                           : loaded 2 times (x 76B)
Class org.gradle.internal.installation.CurrentGradleInstallation                      : loaded 2 times (x 73B)
Class com.google.common.collect.ForwardingObject                                      : loaded 2 times (x 72B)
Class com.google.common.collect.ImmutableList$SubList                                 : loaded 2 times (x 209B)
Class com.google.common.cache.CacheLoader$1                                           : loaded 2 times (x 75B)
Class org.gradle.util.internal.GUtil                                                  : loaded 2 times (x 71B)
Class com.google.common.io.ByteSource                                                 : loaded 2 times (x 84B)
Class com.google.common.cache.AbstractCache$StatsCounter                              : loaded 2 times (x 70B)
Class com.google.common.collect.Iterators$MergingIterator                             : loaded 2 times (x 81B)
Class com.google.common.collect.RegularImmutableSet                                   : loaded 2 times (x 149B)
Class org.gradle.internal.installation.GradleInstallation                             : loaded 2 times (x 75B)
Class com.google.common.base.Splitter$Strategy                                        : loaded 2 times (x 70B)
Class com.google.common.collect.Iterables                                             : loaded 2 times (x 71B)

---------------  S Y S T E M  ---------------

OS:
 Windows 11 , 64 bit Build 26100 (10.0.26100.8328)
OS uptime: 0 days 1:09 hours
Hyper-V role detected

CPU: total 8 (initial active 8) (4 cores per cpu, 2 threads per core) family 6 model 165 stepping 2 microcode 0xe0, cx8, cmov, fxsr, ht, mmx, 3dnowpref, sse, sse2, sse3, ssse3, sse4.1, sse4.2, popcnt, lzcnt, tsc, tscinvbit, avx, avx2, aes, erms, clmul, bmi1, bmi2, adx, fma, vzeroupper, clflush, clflushopt, hv, rdtscp, f16c
Processor Information for the first 8 processors :
  Max Mhz: 2400, Current Mhz: 2400, Mhz Limit: 2400

Memory: 4k page, system-wide physical 16173M (749M free)
TotalPageFile size 25097M (AvailPageFile size 115M)
current process WorkingSet (physical memory assigned to process): 675M, peak: 679M
current process commit charge ("private bytes"): 719M, peak: 860M

vm_info: OpenJDK 64-Bit Server VM (21.0.8+-14196175-b1038.72) for windows-amd64 JRE (21.0.8+-14196175-b1038.72), built on 2025-10-01T10:24:33Z by "builder" with MS VC++ 16.10 / 16.11 (VS2019)

END.
